Surname Unicode,Surname Ascii,Gender,Origin,Meaning(s),Tag(s)
Abbas,abbas,Male,Arabic,Austere|Sober,#Celebrity|#Surname
Abbott,abbott,Male,English,Head Of A Monastery,#Occupational|#Surname
Abelard,abelard,Male,French,Brave|Noble,#Surname
Abercrombie,abercrombie,Neutral,Scottish,Bend In Marshy Ground,#Surname
Abraham,abraham,Male,Hebrew,Father Of Nations,#Biblical|#Politician|#Surname
Abram,abram,Male,Hebrew,High Father,#Surname
Acciai,acciai,Male,Italian,Axe Man,#Surname
Acevedo,acevedo,Neutral,Spanish,Grove Of Holly Trees,#Surname
Acosta,acosta,Neutral,Spanish,From The Coast,#Surname
Acton,acton,Male,English,From The Oak Tree Settlement,#Surname
Adagio,adagio,Male,Italian,Slowly,#Surname
Adair,adair,Neutral,English,Fortune/Spear,#Surname
Adams,adams,Neutral,English,Family Of Adam,#Surname
Adkins,adkins,Neutral,English,Family Of Adam,#Surname
Adler,adler,Neutral,German,Eagle,#Surname
Affleck,affleck,Male,Scottish,From Auchinleck|Scotland,#Celebrity|#Surname
Aguilar,aguilar,Neutral,Spanish,Eagle,#Surname
Aguirre,aguirre,Neutral,Spanish,From A Prominent Place,#Surname
Ahmed,ahmed,Male,Arabic,Praiseworthy|Commendable,#Surname
Airlia,airlia,Female,Scottish,Eagle Wood,#Place|#Surname
Airlie,airlie,Neutral,Scottish,Eagle Wood,#Place|#Surname
Albrecht,albrecht,Male,German,Noble|Bright,#Surname
Alden,alden,Male,English,Half Danish,#Surname
Alexander,alexander,Male,Greek,Defender Of The People,#Biblical|#Politician|#Royal|#Surname
Ali,ali,Neutral,Arabic,Noble|Exalted,#Sports|#Surname
Allen,allen,Male,English,Little Rock,#Surname
Allison,allison,Neutral,German,Noble One,#Celebrity|#Surname
Almeda,almeda,Female,Spanish,Poplar Grove,#Surname
Alphonse,alphonse,Male,French,Noble And Ready,#FictionalCharacter|#Surname
Alvarado,alvarado,Female,Spanish,From The White/Bright Land,#Surname
Alvarez,alvarez,Male,Spanish,Son Of Alvaro,#Surname
Amabel,amabel,Female,English,Lovable,#Surname
Amabilis,amabilis,Neutral,Latin,Lovable,#Surname
Amato,amato,Male,Spanish,Loved,#Surname
Ambel,ambel,Neutral,Latin,Lovable,#Surname
Ambrosi,ambrosi,Neutral,Italian,Family Of Ambrogio,#Surname
Amery,amery,Female,English,Work Rule,#Surname
Anakin,anakin,Male,American,Warrior,#FictionalCharacter|#Surname
Anderson,anderson,Male,English,Son Of Andrew,#Celebrity|#Surname
Andolina,andolina,Female,Italian,Unknown,#Surname
Andrade,andrade,Neutral,Spanish,From San Martino De Andrade,#Surname
Aniston,aniston,Neutral,American,Unknown,#Celebrity|#Surname
Ansley,ansley,Neutral,English,From The Hermitage Field,#Surname
Anthony,anthony,Male,Latin,Unknown,#Surname
Antoinette,antoinette,Female,French,Diminutive Feminine Form Of Antoine,#Royal|#Surname
Antonia,antonia,Female,Latin,Unknown,#Biblical|#Surname
Aoki,aoki,Neutral,Japanese,Blue Tree,#Surname
Aramis,aramis,Neutral,French,From Aramits|France,#Literary|#Sports|#Surname
Archer,archer,Male,English,Bowman|One Who Excels At Archery,#FictionalCharacter|#Occupational|#Surname
Arellano,arellano,Neutral,Spanish,From The Farm Or Estate Of Aurelius,#Surname
Arias,arias,Neutral,Spanish,Farmer,#Surname
Arlen,arlen,Male,German,Person From Erlen|Germany,#Surname
Armani,armani,Neutral,Italian,Son Or Kin Of Armand,#Brand|#Surname
Armitage,armitage,Male,English,Hermitage,#FictionalCharacter|#Surname
Armstrong,armstrong,Neutral,English,Strong Person,#Surname
Arnold,arnold,Male,German,Eagle Power,#Surname
Arroyo,arroyo,Neutral,Spanish,Water Channel,#Surname|#Water
Ashford,ashford,Male,English,By The Ash-tree Ford,#Surname
Astor,astor,Neutral,English,Hawk,#Celebrity|#Surname
Atkins,atkins,Neutral,English,Family Of Adam,#Surname
Atkinson,atkinson,Neutral,English,Family Of Adam,#Surname
Atlee,atlee,Neutral,English,Lives Near The Woods,#Surname
Aucoin,aucoin,Neutral,French,At The Corner,#Surname
Auden,auden,Neutral,English,Half Danish,#Literary|#Surname
Austin,austin,Neutral,English,Great,#FictionalCharacter|#Place|#Surname
Avery,avery,Neutral,English,Elf King,#Surname
Avila,avila,Female,German - Ancient Germanic,Unknown,#Place|#Surname
Axel,axel,Male,Scandinavian,My Father Is Peace,#Celebrity|#Surname
Ayala,ayala,Female,Hebrew,Female Deer/Hillside Or Pasture,#Surname
Ayers,ayers,Neutral,English,Heir To Fortune Or Land,#Surname
Bailey,bailey,Neutral,English,Bailiff|Steward,#Occupational|#Surname
Baines,baines,Male,English,Thin Or Little Anvil,#Politician|#Surname
Baird,baird,Male,Scottish,Minstrel|Poet,#Musical|#Occupational|#Surname
Baker,baker,Neutral,English,Occupation Of Baker,#Occupational|#Surname
Baldwin,baldwin,Male,English,Bold/Brave Friend,#Celebrity|#Surname
Ballard,ballard,Male,English,Bald-Headed Man,#Surname
Banks,banks,Neutral,English,Edge Of The River,#Nature|#Surname|#Water
Barajas,barajas,Neutral,Spanish,Watering Place,#Surname|#Water
Barber,barber,Male,English,Hair Cutter For Men,#Occupational|#Surname
Barclay,barclay,Male,English,Birch Wood,#Surname
Barker,barker,Neutral,English,Shepherd/Leather Tanner,#Surname
Barkley,barkley,Male,American,Birch Clearing,#Place|#Surname
Barnard,barnard,Male,English,Brave Bear,#Surname
Barnes,barnes,Neutral,English,Lives Or Works Near A Barn,#Surname
Barnett,barnett,Neutral,English,Burned Place Near The Clearing,#Surname
Baron,baron,Male,English,Noble Man,#Surname
Barr,barr,Neutral,English,Barrier|Big Hill,#Surname
Barras,barras,Neutral,English,Tradesman,#Surname
Barrera,barrera,Neutral,Spanish,Lives Near Muddy Or Clay Area,#Surname
Barrett,barrett,Neutral,English,Trader,#Surname
Barrington,barrington,Male,English,From Barentin In France Or Barrington In England,#Surname
Barry,barry,Neutral,Irish,Fair Headed,#Celebrity|#Surname
Bartlett,bartlett,Neutral,English,Son Or Family Of Bartholomew,#Surname
Barton,barton,Male,English,From The Barley Town,#Surname
Bass,bass,Neutral,English,Big/Tall Or The Fish,#Surname
Bastian,bastian,Male,German,Venerable,#FictionalCharacter|#Surname
Bates,bates,Neutral,English,Son Of Bartholemew,#Surname
Battista,battista,Male,Italian,Baptist Or Baptized,#Surname
Bauer,bauer,Male,English,Worker,#Surname
Bautista,bautista,Neutral,Spanish,Baptist Or Baptized,#Surname
Baxter,baxter,Male,English,Baker,#Occupational|#Surname
Bayard,bayard,Male,French,With Red-Brown Hair Or Foolhardy,#Surname
Beale,beale,Male,English,Handsome,#Surname
Bean,bean,Neutral,English,Bean Farmer,#Surname
Beard,beard,Neutral,English,Facial Hair On Chin,#Surname
Beasley,beasley,Neutral,English,Bent Grass Clearing,#Surname
Beauchamp,beauchamp,Male,English,Beautiful Field,#Surname
Beauregard,beauregard,Male,English,Beautiful View,#Literary|#Surname
Beck,beck,Male,English,From The Brook/Stream,#Surname
Becker,becker,Neutral,English,Baker/Lives By A Stream,#Occupational|#Surname
Beckett,beckett,Neutral,English,Dweller By The Brook,#Surname|#Water
Beckham,beckham,Male,English,From The Beck Homestead,#Celebrity|#Sports|#Surname
Beecher,beecher,Neutral,English,Dweller By The Beech Tree,#Surname
Beil,beil,Neutral,German,Ax Maker Or Lumberjack,#Surname
Belden,belden,Male,English,From Beldon Hill,#Surname
Bell,bell,Neutral,English,Beautiful,#Surname
Bellini,bellini,Female,Italian,Little Beautiful One,#Surname
Bello,bello,Male,Italian,Beautiful|Handsome,#Surname
Beltran,beltran,Neutral,Spanish,Bright Raven,#Surname
Benitez,benitez,Neutral,Spanish,Son Of Benito,#Surname
Benjamin,benjamin,Male,Hebrew,Son Of My Right Hand,#Biblical|#FictionalCharacter|#Politician|#Surname
Bennett,bennett,Neutral,Latin,Little Blessed One,#Surname
Benning,benning,Neutral,English,Blessed,#Surname
Benniton,benniton,Male,American,Little Blessed One,#Surname
Benson,benson,Male,English,Son Of Benedict/Benjamin,#Surname
Bentley,bentley,Neutral,English,From The Bent-Grass Field,#Brand|#Surname
Benton,benton,Male,English,From Benjamin's Town,#Surname
Berg,berg,Male,German,Mountain,#Surname
Berger,berger,Male,German,Mountain Dweller,#Surname
Berlioz,berlioz,Neutral,French,Unknown,#Surname
Bernal,bernal,Neutral,Spanish,Son Of Baruch,#Surname
Berry,berry,Neutral,English,Small Fruit,#Nature|#Surname
Beyoncé,beyonce,Female,American,From The Surname Beyince,#Celebrity|#Surname
Biden,biden,Neutral,English,From The Shadow Valley|Button Maker,#Politician|#Surname
Bieniemy,bieniemy,Neutral,French,Good Friend,#Surname
Binder,binder,Neutral,English,Book Binder,#Surname
Bingley,bingley,Neutral,English,From Bingley In Yorkshire|England,#FictionalCharacter|#Surname
Bird,bird,Neutral,English,Avian Animal With Feathers And Wings,#Nature|#Surname
Bishop,bishop,Male,English,Overseer|Guardian,#Occupational|#Surname
Black,black,Male,English,Black,#Surname
Blackwell,blackwell,Neutral,English,Black/Dark Stream,#Surname
Blair,blair,Neutral,Scottish,Battlefield Or Plain,#Surname
Blake,blake,Neutral,English,Pale Blond One Or Dark,#Surname
Blakely,blakely,Neutral,English,Pale Blond One Or Dark,#Surname
Bly,bly,Female,English,Gentle|Happy,#Surname
Bode,bode,Male,German,Messenger,#Sports|#Surname
Bodie,bodie,Neutral,German,Messenger,#Surname
Bogart,bogart,Neutral,English,Orchard Worker,#Surname
Bonaventure,bonaventure,Male,English,Good Luck,#Surname
Bond,bond,Male,English,Husbandman|Farmer,#FictionalCharacter|#Surname
Bonilla,bonilla,Neutral,Spanish,Good Child,#Surname
Bonner,bonner,Male,English,Gentle|Courteous,#Surname
Bonneville,bonneville,Neutral,French,Good Village,#Surname
Booker,booker,Male,English,Bleacher Or Book Binder,#Surname
Boone,boone,Male,English,Good Person Or Person From Bohon|France,#Surname
Booth,booth,Male,English,Small Hut Or Cottage,#Surname
Bosco,bosco,Neutral,Italian,Forest,#Surname
Bosley,bosley,Male,English,From Bosa's Field,#FictionalCharacter|#Surname
Botham,botham,Neutral,English,Valley|Hollow,#Surname
Bouvier,bouvier,Neutral,French,Cowshed Worker,#FictionalCharacter|#Surname
Bowen,bowen,Male,Welsh,Son Of Owain/Owen,#Surname
Bowers,bowers,Neutral,English,Worker,#Surname
Bowie,bowie,Male,Irish,Yellow Haired,#Celebrity|#Surname
Bowman,bowman,Neutral,German,Archer,#Occupational|#Surname
Boyce,boyce,Male,English,From The Woods,#Surname
Boyd,boyd,Male,Irish,Fair-haired|Blonde,#Surname
Boyer,boyer,Neutral,English,Bow Maker,#Surname
Boyle,boyle,Male,Irish,Angry|Rash,#Surname
Boys,boys,Male,English,From The Wood,#Surname
Braddock,braddock,Neutral,English,Dweller By The Broad Oak,#Surname
Bradford,bradford,Male,English,From The Broad Ford,#Surname
Bradley,bradley,Male,English,From The Broad Meadow,#Surname
Bradshaw,bradshaw,Male,English,From The Broad Field|Forest,#Surname
Brady,brady,Neutral,Irish,Descendant Of Bradach,#FictionalCharacter|#Politician|#Surname
Brando,brando,Male,Italian,Sword,#Celebrity|#Surname
Braun,braun,Male,German,Brown,#Surname
Bravo,bravo,Male,Latin,Brave|Approval,#Surname
Brayden,brayden,Neutral,American,Son Of Bradan,#Surname
Brea,brea,Female,English,Hill,#Nature|#Surname
Brennan,brennan,Male,Irish,Tear|Sorrow,#Surname
Brenner,brenner,Neutral,German,Charcoal Burner,#Occupational|#Surname
Brently,brently,Male,English,Unknown,#Surname
Brenton,brenton,Male,English,From Bryni's Town (Town Of Fire),#Fire|#Surname
Brett,brett,Neutral,English,Breton,#Surname
Brewer,brewer,Neutral,English,Ale Or Beer Maker,#Surname
Brewster,brewster,Male,English,Brewer,#Surname
Bricker,bricker,Male,English,Brick Maker,#Surname
Bridges,bridges,Neutral,English,Bridge Builder,#Surname
Briggs,briggs,Neutral,English,Dweller By The Bridge,#Surname
Brigham,brigham,Male,English,City/Settlement With Or By The Bridge,#Place|#Surname
Brighton,brighton,Male,English,Beautiful Town,#Place|#Surname
Brinkley,brinkley,Neutral,English,From Brinca's Field,#Celebrity|#Surname
Brock,brock,Male,English,Badger,#Surname
Broderick,broderick,Male,Welsh,Son Of Rhydderch,#Surname
Bronson,bronson,Male,English,From Branson,#Surname
Brönte,bronte,Female,Greek,Thunder,#Literary|#Surname
Brooks,brooks,Neutral,English,From The Brook,#Nature|#Sports|#Surname
Brown,brown,Male,English,Brown,#Color|#Surname
Browning,browning,Male,American,Tanner Or Brunette,#Surname
Bruce,bruce,Male,English,From The Town Of Bruis In France,#Surname
Bryan,bryan,Male,English,High|Noble,#Surname
Bryant,bryant,Male,Irish,Son Of Brian,#Surname
Bryson,bryson,Male,English,Son Of Brice,#Surname
Buck,buck,Male,English,Deer|Cowboy,#Surname
Buckley,buckley,Male,English,From The Goat Clearing,#Surname
Burgess,burgess,Male,English,Town Citizen,#Surname
Burke,burke,Male,English,From The Fortress,#Surname
Burnett,burnett,Neutral,English,Brown-haired,#Surname
Burns,burns,Neutral,English,Lives By The Stream,#Surname
Burrell,burrell,Female,English,Person From Burrill|Yorkshire UK,#Surname
Burrhus,burrhus,Male,English,Lives Near Or In A Bower House,#Science|#Surname
Burroughs,burroughs,Neutral,English,Lives Near Or In A Bower House,#Surname
Burton,burton,Male,English,Town Of The Fortress,#Celebrity|#Surname
Bush,bush,Neutral,English,Lives Near The Bush Or Thicket,#Surname
Butler,butler,Male,English,The Chief Manservant Of A Home,#Surname
Byram,byram,Male,English,From The Barns,#Surname
Byrd,byrd,Male,English,Like A Bird,#Surname
Byrne,byrne,Male,English,Son Of Brian,#Surname
Cabrera,cabrera,Neutral,Spanish,Place Of Goats,#Surname
Cade,cade,Neutral,English,Stout|Sturdy,#Surname
Cagney,cagney,Neutral,Irish,Descendant Of The Advocate,#Celebrity|#Surname
Cain,cain,Male,Hebrew,Acquired,#Biblical|#Surname
Calderon,calderon,Neutral,Spanish,Sells Vessels/Cauldrons,#Occupational|#Surname
Caldwell,caldwell,Neutral,English,By The Cold Stream,#Place|#Surname
Caley,caley,Neutral,English,From The Jackdaw Clearing,#Place|#Science|#Surname
Calhoun,calhoun,Male,Scottish,From The Nook/Corner,#Place|#Politician|#Surname
Callahan,callahan,Male,Irish,Little Bright-headed One/Devotee Of The Church,#Sports|#Surname
Callistus,callistus,Male,Latin,Very Beautiful,#Surname
Calloway,calloway,Neutral,French,Place Of Stones Or Pebbles,#Brand|#Celebrity|#Place|#Surname
Camacho,camacho,Neutral,Spanish,Twisted|Disfigured,#Surname
Camber,camber,Neutral,English,Originally An English Surname Indicating A Family From Cambria (Wales),#Surname
Cameron,cameron,Neutral,Scottish,Bent Nose,#Celebrity|#Politician|#Surname
Campbell,campbell,Neutral,Scottish,Beautiful Field,#Brand|#Celebrity|#Place|#Surname
Campos,campos,Female,Spanish,From The Countryside,#Surname
Cannan,cannan,Neutral,English,Wolf Cub Or Son Of Cain,#Literary|#Science|#Surname
Cannon,cannon,Male,English,Clergyman,#Celebrity|#Surname
Canon,canon,Male,English,Clergyman,#Brand|#Musical|#Surname
Cantu,cantu,Neutral,Portuguese,Singer Or Cantor,#Surname
Capulet,capulet,Female,Italian,Determined|Aggressive,#Literary|#Surname
Cardenas,cardenas,Neutral,Spanish,From The Land Of Thorns,#Surname
Carey,carey,Neutral,Irish,From The Fort,#Celebrity|#Surname
Carillo,carillo,Neutral,Spanish,Cart/Wagon Maker,#Occupational|#Surname
Carlen,carlen,Neutral,English,Descendant Of Charles,#Sports|#Surname
Carlin,carlin,Neutral,Irish,Little Champion/Descendant Of Charles,#Celebrity|#Place|#Surname
Carlisle,carlisle,Male,Scottish,From The City Of Luguvalium,#Literary|#Surname
Carlson,carlson,Male,English,Son Of Carl,#Surname
Carman,carman,Neutral,English,Man,#Celebrity|#Surname
Carney,carney,Female,Native American - Crow,Old Woman Or Carnival,#Celebrity|#Politician|#Surname
Carpenter,carpenter,Neutral,English,Craftsman,#Celebrity|#Surname
Carr,carr,Male,Irish,Spear Or Wet Ground,#Surname
Carrigan,carrigan,Neutral,Irish,Pointed|Spear,#Place|#Sports|#Surname
Carrington,carrington,Neutral,English,Town Of The Marsh,#Celebrity|#Place|#Surname
Carson,carson,Neutral,English,Son Of Carr,#Place|#Politician|#Surname
Carter,carter,Neutral,English,Driver Of A Cart,#Celebrity|#Occupational|#Politician|#Surname|#Water
Cartier,cartier,Neutral,French,Driver Of A Cart,#Brand|#Surname|#Water
Caruso,caruso,Neutral,Italian,Young Boy,#Musical|#Surname
Carver,carver,Male,English,Wood Carver,#Occupational|#Science|#Surname
Case,case,Neutral,English,Case-Maker,#Celebrity|#Surname
Casey,casey,Neutral,Irish,Vigilant In War,#Celebrity|#Surname
Cash,cash,Male,English,Maker Of Chests,#Celebrity|#Surname
Cason,cason,Male,American,Combination Of Case And Jason,#Sports|#Surname
Cassidy,cassidy,Neutral,Irish,Curly Haired,#Celebrity|#Surname
Castañeda,castaneda,Neutral,Spanish,Chestnut,#Surname
Castillo,castillo,Neutral,Spanish,Lives In Or Works In The Castle,#Surname
Castrello,castrello,Male,Spanish,Little Fortress,#Surname
Castro,castro,Neutral,Spanish,Castle,#Politician|#Surname
Causer,causer,Neutral,English,One Who Makes Leggings,#Surname
Cavalier,cavalier,Male,French,Knight|Horseman,#Surname
Cavalli,cavalli,Neutral,Italian,Horses,#Surname
Cervantes,cervantes,Neutral,Spanish,Servants Or Ladies' Man,#Surname
Chaia,chaia,Female,Hebrew,Life,#Surname
Chainey,chainey,Neutral,English,Oak Grove,#Nature|#Politician|#Surname
Chambers,chambers,Neutral,English,Chamber Maid/Servant,#Occupational|#Surname
Chan,chan,Female,Chinese,Snow,#Celebrity|#Nature|#Surname
Chandlee,chandlee,Neutral,American,Unknown,#Surname
Chandler,chandler,Neutral,English,Candle Maker,#FictionalCharacter|#Literary|#Occupational|#Place|#Surname
Channer,channer,Neutral,English,Wise,#Literary|#Surname
Channon,channon,Neutral,English,Clergyman,#Surname
Chantry,chantry,Neutral,English,Singing Of The Mass,#Musical|#Surname
Chao,chao,Neutral,Chinese,Surpassing,#Politician|#Surname
Chapin,chapin,Neutral,French,Shoemaker,#Musical|#Surname
Chapman,chapman,Neutral,English,Merchant|Tradesperson,#Surname
Charles,charles,Male,English,Free Man,#Royal|#Surname
Charleston,charleston,Neutral,English,Town Of King Charles,#Place|#Surname
Chase,chase,Male,English,Hunter,#Occupational|#Sports|#Surname
Chaucer,chaucer,Neutral,French,Trouser Maker,#Literary|#Occupational|#Surname
Chavez,chavez,Male,Spanish,Keys,#Politician|#Surname
Chen,chen,Neutral,Chinese,Dawn|Morning,#Surname
Chevis,chevis,Neutral,French,Chub Fish,#Sports|#Surname
Cho,cho,Female,Japanese,Butterfly,#Surname
Choi,choi,Neutral,Korean,Overseer Of The Mountain,#Surname
Chou,chou,Female,Japanese,Bultterfly,#Celebrity|#Surname
Christian,christian,Neutral,English,Follower Of Christ,#Celebrity|#Surname
Chung,chung,Male,Vietnamese,Common,#Surname
Chuong,chuong,Male,Vietnamese,Chapter,#Politician|#Surname
Churchill,churchill,Male,English,By The Church On The Hill,#Politician|#Surname
Cisneros,cisneros,Neutral,Spanish,Place Of Swans,#Surname
Clancy,clancy,Male,Irish,Red Warrior,#Surname
Clark,clark,Male,English,Clerk,#Celebrity|#Surname
Clay,clay,Male,English,Clay Worker,#Surname
Clayton,clayton,Male,English,From The Town On Clay Land,#Place|#Surname
Clemens,clemens,Male,Latin,Mercy,#Sports|#Surname
Cline,cline,Neutral,German,Little One,#Surname
Clinton,clinton,Male,English,Town On A Hill,#Politician|#Surname
Cobb,cobb,Male,English,Lump,#Surname
Cochran,cochran,Neutral,Scottish,Lives In Or Near Cochrane|Scotland,#Surname
Cody,cody,Male,English,Helpful,#Celebrity|#Place|#Surname
Coe,coe,Neutral,English,Jackdaw Bird,#Surname
Cohen,cohen,Male,Hebrew,Priest,#Biblical|#Celebrity|#Politician|#Surname
Cole,cole,Male,English,Victory Of The People,#Celebrity|#Surname
Coleman,coleman,Male,English,Dove/Charcoal Burner,#Brand|#Occupational|#Surname
Collier,collier,Male,English,Coal Miner Or Dealer,#Surname
Collins,collins,Neutral,English,Family Of Coilean,#Surname
Colón,colon,Neutral,Spanish,Dove,#Surname
Colter,colter,Neutral,English,To Look After Horses,#Occupational|#Surname
Coltrane,coltrane,Neutral,English,Train Of Coal,#Surname
Columbus,columbus,Male,Latin,Dove,#Place|#Surname
Combs,combs,Neutral,English,Lives Near A Small Valley,#Surname
Comiskey,comiskey,Neutral,Irish,Son Of The Powerful One,#Surname
Confucius,confucius,Neutral,Chinese,Opening|Master,#Celebrity|#Surname
Conley,conley,Male,Irish,Great Chief,#Surname
Conner,conner,Male,Irish,Descendent Of Hound|Desire,#Surname
Connery,connery,Neutral,Irish,Unknown,#Celebrity|#Surname
Conrad,conrad,Male,English,Bold Counsel,#Celebrity|#Literary|#Surname
Conroy,conroy,Male,English,Detachment Of Troops,#Literary|#Surname
Constantine,constantine,Male,Latin,Constant|Loyal,#Celebrity|#Place|#Surname
Contreras,contreras,Neutral,Spanish,Opposite|Contrary,#Place|#Surname
Conway,conway,Male,Irish,Head Smasher Or Yellow Hound,#Place|#Surname
Conyers,conyers,Male,American,From Coignieres In France,#Place|#Surname
Cook,cook,Neutral,English,Cook|Chef,#Surname
Cooper,cooper,Neutral,English,Barrel Maker,#Occupational|#Surname
Copeland,copeland,Neutral,English,Bought Land,#Surname
Corbett,corbett,Male,English,Raven,#Place|#Politician|#Surname
Corbin,corbin,Neutral,English,Raven,#Celebrity|#Surname
Corby,corby,Neutral,English,From Corc's Farm,#Place|#Surname
Cordova,cordova,Neutral,Spanish,Unknown,#Surname
Corey,corey,Neutral,Irish,Hollow,#Celebrity|#Politician|#Surname
Corin,corin,Neutral,French,Spear,#Politician|#Surname
Coriolanus,coriolanus,Male,Latin,Victorious In Corioli,#Literary|#Politician|#Surname
Corliss,corliss,Neutral,English,Happy|Free From Care,#Sports|#Surname
Cornell,cornell,Male,English,From Cornhill|Cornwell Or Cornelius,#Surname
Corona,corona,Female,Spanish,Crown,#Brand|#Nature|#Surname
Corrigan,corrigan,Neutral,Irish,Pointed|Spear,#Surname
Cortéz,cortez,Male,Spanish,Courteous|Well-Mannered,#Place|#Surname
Coyne,coyne,Male,French,Modest,#Science|#Surname
Craig,craig,Male,Scottish,From The Crag,#Surname
Crane,crane,Neutral,English,Long-necked Bird,#Surname
Crawford,crawford,Male,English,From The Crow Ford,#Celebrity|#Place|#Surname
Crayton,crayton,Male,American,Town Near Rocks,#Place|#Sports|#Surname
Crisson,crisson,Neutral,English,Christ-Bearer,#Surname
Cristobal,cristobal,Male,Spanish,Christ-Bearer,#Place|#Sports|#Surname
Cristofer,cristofer,Male,Spanish,Christ-bearer,#Celebrity|#Surname
Crosby,crosby,Neutral,English,Settlement By The Cross,#Celebrity|#Surname
Cross,cross,Neutral,English,Lives Near A Crossing,#Occupational|#Surname
Cruz,cruz,Male,Spanish,The Cross Of Christ,#Surname
Cuevas,cuevas,Neutral,Spanish,Caves,#Surname
Cullen,cullen,Male,Scottish,Back Of A River,#Literary|#Surname|#Water
Cunningham,cunningham,Male,Irish,Descendant Of The Chief,#Surname
Curran,curran,Male,Irish,Descendant Of The Spearman,#Surname
Currer,currer,Neutral,English,Messenger Or Leather Tanner,#Surname
Currier,currier,Neutral,French,Leather Dresser,#Occupational|#Surname
Curry,curry,Male,Irish,From The Wet Plain,#Nature|#Surname
Curtis,curtis,Male,Latin,Courteous|Courtly,#Surname
Cuthbert,cuthbert,Male,English,Brilliant,#Celebrity|#Place|#Surname
Cutler,cutler,Male,English,Knife Maker,#Sports|#Surname
Cuyler,cuyler,Male,Dutch,Victory Of The People,#Place|#Sports|#Surname
Cyprien,cyprien,Male,French,Person From Cyprus,#Place|#Surname
Cyrus,cyrus,Male,Persian,Heir To The Throne,#Biblical|#Celebrity|#Surname
Dabney,dabney,Neutral,English,From The City Of Aubigny|France,#Place|#Surname
Dahl,dahl,Neutral,Scandinavian,Valley,#Literary|#Nature|#Surname
Daker,daker,Male,English,From Castle|South|West Acre,#Celebrity|#Surname
Dalal,dalal,Female,Arabic,Coy|Shy,#Surname
Daley,daley,Neutral,Irish,Assembly Hall|Meeting Place,#Surname
Dalton,dalton,Male,English,From The Valley Town,#Place|#Science|#Surname
Dana,dana,Neutral,American,Danish|From Denmark,#Surname
Danby,danby,Male,English,From The Dane's Farm,#Place|#Surname
Dancer,dancer,Neutral,English,One Who Dances,#Occupational|#Surname
Dangela,dangela,Female,American,Of The Angels,#Surname
Daniel,daniel,Male,Hebrew,(Only) God Is My Judge,#Biblical|#Surname
Danon,danon,Neutral,French,God Is My Judge,#Surname
Dansby,dansby,Male,English,From The Farmstead Of The Danes,#Sports|#Surname
Danton,danton,Male,English,Evelasting,#Politician|#Surname
Darin,darin,Male,Italian,Little Dario,#Celebrity|#Surname
Darling,darling,Neutral,English,Dearly Loved,#FictionalCharacter|#Surname
Darnell,darnell,Male,English,Plant,#Surname
Darrell,darrell,Neutral,English,Person From Airelle|France,#FictionalCharacter|#Surname
Darren,darren,Neutral,Irish,Unknown,#Surname
Darvin,darvin,Male,English,Dear Friend,#Surname
Darwin,darwin,Male,English,Dear Friend,#Science|#Sports|#Surname
Dashiell,dashiell,Male,French,Unknown,#Literary|#Surname
Dason,dason,Male,American,Combination Of David And Jason,#Surname
Daughtry,daughtry,Neutral,English,From The Daughter Of..,#Celebrity|#Surname
Daveney,daveney,Neutral,English,Beloved,#Surname
Davenport,davenport,Neutral,English,Lives By The Stream That Leads To The Bay,#Place|#Surname
Davidson,davidson,Male,English,Son Of David,#Surname
Davila,davila,Neutral,Spanish,From The Village,#Surname
Davis,davis,Male,English,Son Of David,#Place|#Surname
Davu,davu,Male,African - Somali,The Beginning,#Sports|#Surname
Dawson,dawson,Male,English,Son Of David,#Surname
Day,day,Neutral,English,Family Of David,#Surname
Dean,dean,Male,English,From The Valley,#Surname
Decker,decker,Male,English,Ditch Digger,#Celebrity|#Surname
DeJesus,dejesus,Neutral,Spanish,Follower Of Christ,#Surname
Delacruz,delacruz,Neutral,Spanish,Of The Cross,#Surname
Delaine,delaine,Neutral,French,From Laine,#Surname
Delaire,delaire,Neutral,English,Of The Air,#Place|#Surname
DeLeon,deleon,Neutral,French,Family Of Leon,#Surname
Delgado,delgado,Male,Spanish,Thin|Skinny,#Surname
Demarco,demarco,Male,American,Of Marco,#Surname
Dempsey,dempsey,Male,Irish,Descendant Of The Proud One,#Celebrity|#Sports|#Surname
Dempster,dempster,Male,English,Judge,#Sports|#Surname
Dennis,dennis,Male,English,Devotee Of Dionysos,#Place|#Surname
Denton,denton,Male,English,From The Town In The Valley,#Place|#Surname
Desiderio,desiderio,Male,Spanish,Desired,#Celebrity|#Surname
Desmond,desmond,Male,Irish,From South Munster,#FictionalCharacter|#Surname
Dessert,dessert,Neutral,French,Last Course Of A Meal,#Surname
Dexter,dexter,Male,English,Dyer Of Clothes,#Occupational|#Surname
Dexton,dexton,Male,English,Town Of Dyer,#Place|#Surname
Diaz,diaz,Neutral,Spanish,Son Of Diego,#Surname
Dickens,dickens,Male,English,Brave Ruler,#Literary|#Surname
Diesel,diesel,Male,German,Diminutive Form Of Matthias Or Dietrich,#Brand|#Surname
Diggory,diggory,Neutral,English,Go Astray,#Surname
Dillinger,dillinger,Male,German,From The Town Of Dillingen.,#Surname
Dillon,dillon,Male,Welsh,Born From The Ocean,#Place|#Surname|#Water
Dixon,dixon,Male,English,Son Of Richard,#Surname
Dobry,dobry,Male,Polish,Good,#Literary|#Surname
Doherty,doherty,Male,Irish,Destroyer In Battle,#Celebrity|#Surname
Dominguez,dominguez,Male,Spanish,Son Of Domingo,#Surname
Donahue,donahue,Male,Irish,Brown-haired Chieftain,#Celebrity|#Surname
Donnan,donnan,Male,Irish,Brown,#Sports|#Surname
Donnigan,donnigan,Male,Irish,From The Family Of The Brown One,#Surname
Donovan,donovan,Male,Irish,Little Brown One,#Color|#Surname
Dorsey,dorsey,Neutral,English,From Orsay In France,#Surname
Douglas,douglas,Male,Scottish,Black Blue,#Surname
Doyle,doyle,Male,Irish,Dark Foreigner,#Literary|#Place|#Politician|#Surname
Dragomir,dragomir,Male,Slavic,Precious Peace,#Surname
Drake,drake,Male,English,Dragon,#Celebrity|#Nature|#Surname
Draper,draper,Male,French,Cloth Maker Or Seller,#FictionalCharacter|#Occupational|#Surname
Druce,druce,Male,English,From Dreux|France,#Place|#Sports|#Surname
Drucilla,drucilla,Female,Italian,Mighty|Strong,#Biblical|#Surname
Drummer,drummer,Neutral,English,One Who Drums,#Occupational|#Surname
Drury,drury,Neutral,English,Love|Friendship,#Surname
Duarte,duarte,Male,Portuguese,Wealthy Guardian,#Place|#Surname
Dubois,dubois,Male,French,Woodcutter,#Literary|#Surname
Duff,duff,Neutral,Irish,Dark,#Celebrity|#Surname
Duffy,duffy,Neutral,Irish,Descendant Of Dubhthach,#Surname
Duka,duka,Male,African,All,#Place|#Sports|#Surname
Dumaresq,dumaresq,Male,French,From The Marsh Land,#Surname
Duncan,duncan,Male,Scottish,Dark Skinned Warrior,#Surname
Dunn,dunn,Male,English,Brown,#Surname
Durable,durable,Neutral,English,Lasting,#Surname
Duran,duran,Neutral,English,Durable|Hard,#Musical|#Surname
Durand,durand,Male,French,Strong|Enduring,#Celebrity|#Place|#Surname
Durham,durham,Neutral,English,By The Hill,#Surname
Dustin,dustin,Male,English,Thor's Stone,#Celebrity|#Surname
Dwight,dwight,Male,English,Devotee Of Dionysos,#FictionalCharacter|#Politician|#Surname
Dyer,dyer,Neutral,English,Cloth Dyer,#Surname
Dylan,dylan,Neutral,Welsh,Toward The Tide,#Celebrity|#Surname|#Water
Eastwood,eastwood,Male,English,From The Woods Of The East,#Celebrity|#Surname
Eaton,eaton,Neutral,English,River Enclosure,#Surname|#Water
Efrem,efrem,Male,Hebrew,Very Fruitful,#Sports|#Surname
Elden,elden,Male,English,The Old Servant,#Surname
Eldon,eldon,Male,English,The Old Servant,#Place|#Surname
Elia,elia,Female,Italian,Form Of Elijah,#Sports|#Surname
Ellery,ellery,Neutral,English,Cheerful,#Literary|#Politician|#Surname
Elliott,elliott,Male,English,The Lord Is My God,#Biblical|#FictionalCharacter|#Literary|#Surname
Ellis,ellis,Neutral,English,The Lord Is My God,#Celebrity|#Place|#Science|#Surname
Ellison,ellison,Male,English,Son Of Elias/Elijah,#Literary|#Surname
Elton,elton,Male,English,The Old Town,#Celebrity|#Surname
Elvin,elvin,Male,English,Elf Friend,#Surname
Elvis,elvis,Male,Scandinavian,All Wise,#Celebrity|#Surname
Elwyn,elwyn,Neutral,Welsh,Elf-friend,#Place|#Surname
Embry,embry,Neutral,English,Work Rule,#Celebrity|#Sports|#Surname
Emerson,emerson,Neutral,English,Son Of Emery,#Literary|#Surname
Emery,emery,Male,English,Work Ruler,#Place|#Surname
Emmet,emmet,Male,English,Entire,#Place|#Surname
Emmett,emmett,Male,English,Entire,#FictionalCharacter|#Literary|#Place|#Surname
Emory,emory,Male,English,Work Rule,#Surname
Engel,engel,Neutral,Dutch,English Or Angel,#Politician|#Surname
English,english,Neutral,English,From England,#Surname
Enjolras,enjolras,Neutral,Spanish,To Terrify,#FictionalCharacter|#Literary|#Surname
Ennio,ennio,Male,Italian,Of The Family Ennius,#Surname
Ennis,ennis,Neutral,Irish,Descendant Of Angus Or Island,#Place|#Surname
Enriquez,enriquez,Neutral,Spanish,Son Of Enrique,#Surname
Erickson,erickson,Neutral,Scandinavian,Son Of Eric,#Surname
Ermen,ermen,Male,German,Universal|Whole,#Politician|#Sports|#Surname
Ervin,ervin,Male,English,Person From Irvine|Scotland,#Politician|#Surname
Escobar,escobar,Neutral,Spanish,Overgrown With Bush,#Surname
Esparza,esparza,Neutral,Spanish,Swordsman|Soldier,#Surname
Espinoza,espinoza,Neutral,Spanish,From The Thorny Place,#Surname
Essery,essery,Neutral,English,Cart Maker,#Surname
Estienne,estienne,Male,French,Crown,#Surname
Estrada,estrada,Neutral,Spanish,Street|Way,#Surname
Evans,evans,Neutral,English,God Is Good,#Surname
Evelyn,evelyn,Female,English,Desired/Beautiful,#FictionalCharacter|#Surname
Everard,everard,Male,English,Brave Boar,#Surname
Everest,everest,Neutral,English,Dweller On The Eure River,#Place|#Surname|#Water
Everett,everett,Male,English,Wild Boar Herd,#FictionalCharacter|#Place|#Surname
Evert,evert,Neutral,English,Wild Boar Herd,#Sports|#Surname
Ezell,ezell,Male,American,Noble,#Surname
Fairfax,fairfax,Male,English,Fair Haired,#Place|#Surname
Fairly,fairly,Neutral,English,From The Clearing Overgrown With Ferns,#Surname
Fallon,fallon,Neutral,Irish,Of A Ruling Family,#Celebrity|#Place|#Surname
Fargo,fargo,Neutral,Spanish,From The Fenced Pasture,#FictionalCharacter|#Place|#Surname
Faris,faris,Male,Arabic,Horseman/Knight,#Celebrity|#Surname
Farley,farley,Neutral,English,From The Fern-Covered Clearing,#Celebrity|#Surname
Farmer,farmer,Neutral,English,One Who Farms,#Celebrity|#Occupational|#Surname
Faron,faron,Female,French,Journey,#Surname
Farrah,farrah,Neutral,English,Ironsmith,#Celebrity|#Surname
Faulkner,faulkner,Neutral,English,Falconer,#Literary|#Occupational|#Surname
Fawkes,fawkes,Neutral,French,Valley,#Surname
Felix,felix,Male,Latin,Happy And Prosperous,#Biblical|#FictionalCharacter|#Surname
Fell,fell,Male,English,Dweller On The Mountain,#Nature|#Surname
Fellini,fellini,Neutral,Italian,Furrier,#Celebrity|#Surname
Fendi,fendi,Neutral,Italian,To Split,#Brand|#Surname
Fenmore,fenmore,Neutral,English,Dear Love/Fen Moor,#Surname
Fenton,fenton,Male,English,Marsh Town,#Surname
Fergie,fergie,Neutral,English,Strength Of Man,#Celebrity|#Royal|#Surname
Ferguson,ferguson,Male,English,Son Of Fergus,#Place|#Surname
Fernandez,fernandez,Male,Spanish,Son Of Fernando,#Surname
Ferris,ferris,Male,English,From Ferrieres|France,#FictionalCharacter|#Surname
Fews,fews,Neutral,Irish,The Woods|Forest,#Nature|#Place|#Surname
Fielding,fielding,Male,English,From The Field,#Literary|#Surname
Fields,fields,Neutral,English,Lives In Or Near The Clearing,#Surname
Fifer,fifer,Neutral,English,Flute Player,#Occupational|#Surname
Figueroa,figueroa,Neutral,Spanish,Lives Near The Fig Tree,#Surname
Fini,fini,Female,French,Diminutive Form Of Josephine,#Politician|#Surname
Finley,finley,Neutral,Scottish,Fair Warrior/Hero,#Surname
Fisher,fisher,Male,English,Fisherman,#Occupational|#Surname
Fitzgerald,fitzgerald,Male,Irish,Son Of Gerald,#Celebrity|#Literary|#Surname
Flanders,flanders,Male,English,Filled With Water,#Place|#Surname|#Water
Fleming,fleming,Male,French,Flemish Person Or From Flanders|Belgium,#Surname
Fletcher,fletcher,Male,English,Arrow Maker/Folk Army,#Occupational|#Surname
Flores,flores,Neutral,Spanish,Son Of Floro,#Surname
Flynn,flynn,Neutral,Irish,Descendant Of The Red-haired Man,#Literary|#Surname
Foley,foley,Female,Irish,Descendant Of The Pirate,#Surname
Fonda,fonda,Neutral,Spanish,Foundation,#Celebrity|#Surname
Ford,ford,Male,English,River Crossing,#Brand|#Politician|#Surname|#Water
Foreman,foreman,Male,German,Cart Worker,#Sports|#Surname
Forster,forster,Male,English,From The Name Forester,#Celebrity|#Literary|#Place|#Surname
Foster,foster,Male,English,Forest Worker,#Occupational|#Surname
Fox,fox,Male,English,Wild Animal In Dog Family,#FictionalCharacter|#Surname
Foy,foy,Male,French,Faith,#Place|#Surname
Fraley,fraley,Male,English,Friar,#Sports|#Surname
Francis,francis,Male,Latin,From France Or Free,#Surname
Franco,franco,Male,Spanish,Free,#Celebrity|#Politician|#Surname
Frank,frank,Male,English,Free Or From France,#Celebrity|#Surname
Franklin,franklin,Male,English,Free Man,#Politician|#Surname
Fraser,fraser,Male,Scottish,Unknown,#Place|#Surname
Frasier,frasier,Male,Scottish,Unknown,#FictionalCharacter|#Surname
Frayne,frayne,Male,English,Dweller By An Ash Tree,#Surname
Frazer,frazer,Neutral,Scottish,Unknown,#Surname
Frazier,frazier,Male,Scottish,Strawberry Field,#Place|#Surname
Frederick,frederick,Male,English,Peaceful Ruler,#Place|#Surname
Freed,freed,Male,English,Wood|Woodland,#Surname
Freeman,freeman,Male,English,Free Man,#Celebrity|#Surname
French,french,Neutral,American,From France,#Place|#Surname
Frey,frey,Male,Scandinavian,God Of Weather,#Literary|#Surname
Frick,frick,Male,English,Brisk|Vigorous,#Place|#Surname
Frith,frith,Neutral,English,Inlet Of The Sea,#Surname
Frost,frost,Neutral,English,The Freezing Of Water,#Literary|#Nature|#Surname|#Water
Frye,frye,Male,English,Free,#Surname
Fuentes,fuentes,Neutral,Spanish,Founts|Fountains,#Surname
Fuller,fuller,Male,English,Cloth Bleacher,#Surname
Gable,gable,Neutral,German,God Is Bright,#Celebrity|#Surname
Gabouray,gabouray,Female,French,One Who Jokes|Teases,#Celebrity|#Surname
Gage,gage,Male,English,Measurer,#Occupational|#Surname
Gainell,gainell,Neutral,American,Happy|Shiny,#Surname
Gaines,gaines,Neutral,English,Clever One,#Surname
Gale,gale,Neutral,English,Pleasant|Merry,#Literary|#Surname
Gallagher,gallagher,Male,Irish,Descendant Of The Lover Of Foreigners,#Celebrity|#Surname
Gallegos,gallegos,Neutral,Spanish,Foreigners From Galicia|Spain,#Place|#Surname
Galvan,galvan,Neutral,English,Bald Or Receding Hairline,#Surname
Galvin,galvin,Male,Irish,Sparrow,#Politician|#Surname
Gannon,gannon,Male,Irish,Son Of The Fair-haired One,#Sports|#Surname
Garcia,garcia,Male,Spanish,Young Or Young Bear,#Celebrity|#Musical|#Surname
Gardner,gardner,Male,English,Gardener,#Occupational|#Surname
Garfunkel,garfunkel,Male,German,Precious Stone|Garnet|Brilliant,#Musical|#Surname
Garland,garland,Neutral,English,Wreath Of Flowers Or Leaves,#Celebrity|#Place|#Surname
Garner,garner,Neutral,English,Gardener,#Occupational|#Surname
Garnet,garnet,Female,English,A Red Semi-precious Gem,#Nature|#Surname
Garrett,garrett,Male,English,Spear Rule,#Surname
Garrick,garrick,Male,English,From A Place Covered By Oaks,#Surname
Garrison,garrison,Male,English,Son Of Gerard/Gerald.,#Surname
Garth,garth,Male,English,Garden Keeper,#Celebrity|#Surname
Garza,garza,Neutral,Spanish,The Heron Bird.,#Surname
Gates,gates,Male,English,Dweller By The Gates,#Celebrity|#Surname
Gatland,gatland,Male,English,Dweller In The Land By The Gate,#Sports|#Surname
Gatlin,gatlin,Neutral,English,Fellow|Companion,#Celebrity|#Sports|#Surname
Gauthier,gauthier,Male,French,Army Ruler,#Surname
Gavan,gavan,Male,Irish,Unknown,#Surname
Gaylord,gaylord,Male,English,Lively|Brisk,#Surname
Gaynor,gaynor,Female,Welsh,Fair Phantom,#Celebrity|#Surname
Gentry,gentry,Neutral,English,Nobility Of Birth,#Surname
George,george,Male,Greek,Farmer,#Celebrity|#Politician|#Royal|#Science|#Surname
Gervais,gervais,Male,French,Spearman,#Celebrity|#Place|#Surname
Gibbs,gibbs,Neutral,English,Family Of Gilbert,#Surname
Gibson,gibson,Male,English,Son Of Gilbert,#Brand|#Surname
Gilbert,gilbert,Male,English,Bright Pledge,#Celebrity|#Place|#Surname
Gill,gill,Male,English,Short For Gilbert Or William.,#Surname
Gillespie,gillespie,Male,Scottish,Son Of The Bishop's Servant,#Place|#Surname
Gilligan,gilligan,Male,Irish,Lad|Boy,#FictionalCharacter|#Surname
Gillis,gillis,Male,Dutch,Young Goat,#Literary|#Surname
Gilmore,gilmore,Male,Irish,Servant Of The Virgin Mary,#Place|#Surname
Glass,glass,Neutral,English,Glass Blower,#Surname
Glenn,glenn,Neutral,Scottish,From The Wooded Valley,#Celebrity|#Nature|#Surname
Glover,glover,Neutral,English,Glove Maker Or Merchant,#Celebrity|#Surname
Godana,godana,Male,African,Male Child,#Politician|#Surname
Golden,golden,Neutral,English,Made Of Gold Or Gold-Colored,#Surname
Gomez,gomez,Male,Spanish,Man,#FictionalCharacter|#Surname
Gonzales,gonzales,Male,Spanish,Son Of Gonzalo,#Surname
Gonzalez,gonzalez,Male,Spanish,Son Of Gonzalo,#Surname
Goodman,goodman,Neutral,English,Man Of God Or Landowner,#Surname
Goodwin,goodwin,Neutral,English,Good Friend,#Surname
Gordon,gordon,Male,English,Spacious Fort,#Celebrity|#Place|#Surname
Gotzon,gotzon,Neutral,Basque,Angel,#Celebrity|#Surname
Gradin,gradin,Male,American,Of High Rank,#Place|#Sports|#Surname
Graham,graham,Male,English,From The Gravelly Homestead,#Celebrity|#Place|#Politician|#Surname
Granger,granger,Male,English,Farmer,#Occupational|#Place|#Surname
Grant,grant,Male,English,Large|Great,#Politician|#Surname
Graves,graves,Neutral,English,Steward,#Occupational|#Surname
Gray,gray,Male,English,Color: Black Mixed With White,#Color|#Surname
Grayer,grayer,Male,American,The Color Gray,#Color|#Sports|#Surname
Grayson,grayson,Male,English,Son Of The Grey-Haired One,#FictionalCharacter|#Surname
Greco,greco,Male,Italian,From The Country Of Greece,#Surname
Green,green,Neutral,English,Lives Near The Village Green,#Color|#Nature|#Surname
Greer,greer,Neutral,Scottish,Watchful|Guardian,#Literary|#Place|#Surname
Gregory,gregory,Male,Greek,Vigilant|Watchful,#Surname
Gregson,gregson,Male,English,Son Of Gregory,#Surname
Grenier,grenier,Male,French,Grainery Keeper,#Celebrity|#Surname
Gresham,gresham,Male,English,Grazing Homestead,#Place|#Surname
Greydon,greydon,Male,English,Gray-Haired Man,#Surname
Greyson,greyson,Male,English,Son Of The Grey-haired Man,#Celebrity|#FictionalCharacter|#Surname
Griffin,griffin,Male,Welsh,A Fabled Monster,#Celebrity|#Surname
Griffith,griffith,Male,Welsh,Griffin Lord,#Place|#Science|#Surname
Griffon,griffon,Neutral,English,Dog Breed|Vulture|Dragon,#FictionalCharacter|#Surname
Grimes,grimes,Neutral,Scandinavian,Masked Person|Fierce,#Surname
Gruffudd,gruffudd,Male,Welsh,Griffin Lord,#Celebrity|#Surname
Guerra,guerra,Neutral,Spanish,War|Soldier,#Surname
Guerrero,guerrero,Male,Spanish,Soldier|Warrior,#Surname
Guevara,guevara,Neutral,Spanish,Prominent,#Surname
Gulliver,gulliver,Male,English,Glutton,#Literary|#Surname
Guthrie,guthrie,Male,Scottish,From The Windy Place,#Celebrity|#Place|#Surname
Gutierrez,gutierrez,Male,Spanish,Son Of Gutierre,#Surname
Guzman,guzman,Male,Spanish,Good Man,#Celebrity|#Surname
Gyan,gyan,Male,Indian,Knowledge,#Sports|#Surname
Hachiro,hachiro,Male,Japanese,Eighth Son,#Politician|#Surname
Hadley,hadley,Neutral,English,From Hadda's Field,#Place|#Politician|#Surname
Hagan,hagan,Male,English,Protector,#Politician|#Surname
Hahn,hahn,Neutral,German,Rooster,#Surname
Haig,haig,Male,English,Enclosure,#Surname
Hale,hale,Neutral,English,From The Remote Valley,#Surname
Hall,hall,Male,English,From The Manor,#Surname
Halston,halston,Neutral,English,Holy Stone,#Place|#Surname
Hamilton,hamilton,Neutral,English,From Hamela's Settlement,#Place|#Politician|#Surname
Hamlet,hamlet,Male,English,Little Home,#FictionalCharacter|#Literary|#Surname
Hamlin,hamlin,Male,English,Home,#Place|#Politician|#Sports|#Surname
Hammond,hammond,Male,English,High Protection,#Place|#Surname
Hampton,hampton,Male,English,From The Village By The Town,#Place|#Surname
Hancock,hancock,Neutral,English,Son Of John,#Surname
Hanh,hanh,Female,Vietnamese,Apricot Tree|Happiness,#Literary|#Surname
Hanson,hanson,Male,Scandinavian,Son Of Hans,#Celebrity|#Surname
Harding,harding,Neutral,English,Hard-Working|Strong,#Surname
Hardy,hardy,Male,English,Courageous|Strong,#Celebrity|#Literary|#Surname
Harlan,harlan,Neutral,English,Dweller By The Boundary Wood,#Place|#Surname
Harlow,harlow,Neutral,English,From The Rocky Hill,#Celebrity|#Place|#Surname
Harmon,harmon,Male,German,Soldier|Army Man,#Celebrity|#Sports|#Surname
Harper,harper,Neutral,English,Harp Player,#FictionalCharacter|#Literary|#Musical|#Occupational|#Surname
Harrell,harrell,Neutral,English,Good Head Of Hair,#Surname
Harrington,harrington,Neutral,English,From The Stony Ground,#Surname
Harris,harris,Male,English,Son Of Harry,#Surname
Harrison,harrison,Male,English,Son Of Harry,#Celebrity|#Place|#Surname
Hart,hart,Male,English,Male Deer Or Stag,#Nature|#Surname
Hartman,hartman,Male,Scandinavian,Hardy|Strong,#Surname
Harvey,harvey,Male,English,Battle Warrior,#Surname
Haviland,haviland,Neutral,English,From Haverland,#Place|#Surname
Hawking,hawking,Neutral,English,Hawk-Like,#Occupational|#Science|#Surname
Hawkins,hawkins,Neutral,English,Works With Hawks,#Nature|#Surname
Hawthorn,hawthorn,Neutral,English,Lives Near A Hedge,#Surname
Haydn,haydn,Male,German,Heathen,#Surname
Hayes,hayes,Neutral,English,Lives By The Forest/Brush,#Politician|#Surname
Haynes,haynes,Neutral,English,Enclosure,#Surname
Hazen,hazen,Neutral,Dutch,Smooth|Beautiful,#Surname
Heath,heath,Male,English,Land Of Heather And Grass,#Celebrity|#Place|#Surname
Heisman,heisman,Male,German,Gift Of God,#Sports|#Surname
Heller,heller,Male,English,Dweller On The Hill,#Literary|#Politician|#Surname
Henderson,henderson,Male,English,Son Of Henry/Hendrick,#Surname
Hendricks,hendricks,Neutral,English,Family Of Hendrick/Heinrich,#Surname
Hendrix,hendrix,Male,English,Son Of Hendrick,#Celebrity|#Musical|#Surname
Hennessy,hennessy,Neutral,Irish,One Strength|Energy,#Brand|#Surname
Henry,henry,Male,German,Ruler Of The Home,#FictionalCharacter|#Royal|#Sports|#Surname
Hensley,hensley,Neutral,English,Woody Clearing,#Surname
Henson,henson,Male,English,Son Of Henry,#Surname
Herbert,herbert,Male,English,Army Bright,#Literary|#Politician|#Surname
Herman,herman,Male,German,Army Man,#Surname
Hernandez,hernandez,Male,Spanish,Son Of Hernando,#Surname
Herrera,herrera,Neutral,Spanish,Iron Worker,#Brand|#Surname
Hess,hess,Neutral,German,Hooded,#Surname
Hewitt,hewitt,Male,English,From The Cutting,#Celebrity|#Place|#Surname
Hicks,hicks,Male,English,Family Of Richard,#Surname
Hickson,hickson,Male,American,Countryman,#Surname
Higgins,higgins,Neutral,English,Descendant Of Uigin,#Surname
Hill,hill,Neutral,English,Lives On Or Near A Hill,#Surname
Hilliard,hilliard,Neutral,English,War Stronghold,#Place|#Surname
Hines,hines,Neutral,English,Deer Keeper,#Occupational|#Surname
Hobbes,hobbes,Male,English,Family Of Hob/Robert,#Surname
Hodge,hodge,Male,English,Famous Spear,#Surname
Hodges,hodges,Neutral,English,Family Of Roger,#Surname
Hoffman,hoffman,Male,German,Property Manager,#Surname
Hogan,hogan,Male,Irish,Descendant Of The Young Warrior,#Celebrity|#Sports|#Surname
Holbrook,holbrook,Male,English,Dweller By The Brook In A Hollow,#Celebrity|#Place|#Surname
Holiday,holiday,Female,English,Born On A Holy Day,#Surname
Hollace,hollace,Neutral,English,Near The Holly,#Surname
Holland,holland,Neutral,American,Land On The Ridge,#Place|#Surname
Holloway,holloway,Neutral,English,Holy Spring,#Surname
Holmes,holmes,Neutral,English,Lives Near Small Island Or Islet,#Literary|#Surname
Holt,holt,Male,English,Woodland|Forest,#Nature|#Surname
Holton,holton,Neutral,American,Unknown,#Surname
Hood,hood,Neutral,Scottish,Hood Maker,#Surname
Hooper,hooper,Neutral,English,Occupational Name,#Occupational|#Surname
Hopkins,hopkins,Neutral,English,Family Of Hob/Robert,#Surname
Hopper,hopper,Neutral,American,One Who Hops,#Surname
Horn,horn,Neutral,English,Horn Player Or Maker,#Surname
Horton,horton,Male,English,From The Farm On Muddy Soil,#Literary|#Surname
House,house,Neutral,English,Domicile,#Surname
Houston,houston,Male,English,From Hugh's Town,#Celebrity|#Place|#Surname
Howard,howard,Male,English,Heart Brave,#Sports|#Surname
Howe,howe,Male,English,From The Hill|Burial Ground.,#Surname
Howell,howell,Male,Welsh,Eminent,#Place|#Surname
Hoyt,hoyt,Male,English,Stick (Skinny),#Surname
Hubbard,hubbard,Male,English,Bright Heart,#Surname
Hubble,hubble,Neutral,English,Hug|Brave,#Science|#Surname
Hudson,hudson,Male,English,Son Of Hudd,#Celebrity|#Surname
Huerta,huerta,Neutral,Spanish,Hilltop Or Fortress,#Surname
Huff,huff,Neutral,English,Lives By A Ridge Or Hollow,#Surname
Huffman,huffman,Neutral,German,Man/Steward Of A Farm,#Surname
Hughes,hughes,Male,English,Family Of Hugh,#Surname
Hull,hull,Neutral,English,Bright In Mind And Spirit,#Surname
Humphrey,humphrey,Male,English,Peaceful Warrior,#Place|#Politician|#Surname
Hunt,hunt,Neutral,English,Chase Or Hunter,#Surname
Hunter,hunter,Neutral,English,One Who Hunts,#Occupational|#Surname
Hurley,hurley,Male,English,The Village On Cleared Land,#Surname
Hurst,hurst,Neutral,English,Wooded Hill,#Surname
Hussein,hussein,Male,Arabic,Beautiful/Handsome|Good,#Politician|#Surname
Hutchinson,hutchinson,Neutral,English,Son Of Hugh,#Surname
Huxley,huxley,Male,English,From Hoc's Field,#Surname
Iden,iden,Neutral,English,From The Marsh Land Pasture,#Surname
Ingram,ingram,Neutral,German,English People,#Surname
Irwin,irwin,Male,American,From Irvine|Scotland,#Celebrity|#Place|#Surname
Isley,isley,Neutral,English,From The Hazel Grove,#Place|#Surname
Ives,ives,Neutral,English,Land Of Heroes,#Surname
Izod,izod,Neutral,French,Hardy|Strong,#Brand|#Surname
Jace,jace,Male,American,Nickname,#FictionalCharacter|#Sports|#Surname
Jackson,jackson,Male,English,Son Of Jack/John,#FictionalCharacter|#Place|#Politician|#Surname
Jaegar,jaegar,Male,German,Hunter,#Surname
Jagger,jagger,Male,English,Carter|Peddlar,#Celebrity|#Occupational|#Surname
Jaivan,jaivan,Female,Arabic,Unknown,#Surname
James,james,Neutral,Hebrew,Supplanter,#Biblical|#Celebrity|#FictionalCharacter|#Royal|#Surname
Jarrett,jarrett,Male,English,Spear Brave,#Surname
Jarvis,jarvis,Male,English,Spear Man,#Surname
Jasper,jasper,Male,English,Treasurer,#Biblical|#FictionalCharacter|#Surname
Jaxon,jaxon,Male,American,Son Of Jack,#FictionalCharacter|#Surname
Jefferson,jefferson,Male,English,Son Of Jeffrey,#Surname
Jenkins,jenkins,Male,English,Son Of John,#Surname
Jennings,jennings,Neutral,English,Family Of (Little) John,#Surname
Jensen,jensen,Male,Scandinavian,Son Of Jens,#Surname
Jerod,jerod,Male,English,Spear Brave,#Surname
Jerrell,jerrell,Male,English,Spear Rule,#Surname
Jerrod,jerrod,Male,English,Form Of Gerard,#Surname
Jeter,jeter,Neutral,French,To Throw,#Surname
Jimenez,jimenez,Male,Spanish,Son Of Jim/James,#Surname
Johnson,johnson,Male,English,Son Of John,#Surname
Jonas,jonas,Male,Hebrew,A Dove,#Biblical|#Celebrity|#Surname
Jones,jones,Male,English,Son Of John,#Surname
Joplin,joplin,Female,American,Unknown,#Place|#Surname
Jordan,jordan,Neutral,Hebrew,To Flow Down,#Biblical|#Place|#Sports|#Surname
Jory,jory,Neutral,English - Cornish,Farmer,#Surname
Joseph,joseph,Male,Hebrew,God Will Increase,#Biblical|#Celebrity|#Politician|#Surname
Juarez,juarez,Neutral,Spanish,Son Of Suero,#Surname
Judson,judson,Male,English,Son Of Judd,#Surname
Juneau,juneau,Neutral,French,Young,#Place|#Surname
Kaja,kaja,Female,Scandinavian,Pure,#Politician|#Surname
Kamber,kamber,Neutral,English,From Cambria (Wales),#Surname
Kane,kane,Male,Irish,Battlefield,#Surname
Kantana,kantana,Neutral,American,Unknown,#Surname
Karima,karima,Female,Arabic,Royal,#Surname
Karman,karman,Male,English,Man,#Surname
Kasabian,kasabian,Male,Armenian,Son Of The Butcher,#Surname
Katz,katz,Neutral,German,Priest Of Righteousness,#Surname
Kaur,kaur,Female,Indian,Princess,#Surname
Keats,keats,Neutral,English,Shed Worker,#Literary|#Surname
Keebler,keebler,Neutral,German,Property Owner,#Brand|#Surname
Keith,keith,Male,Scottish,Offspring|Young Person,#Surname
Kelby,kelby,Neutral,English,From The Ridge Farm,#Surname
Keller,keller,Neutral,German,Winemaker,#Surname
Kelley,kelley,Neutral,Irish,Bright-headed/redheaded,#Surname
Kelly,kelly,Neutral,Irish,Bright-headed,#Celebrity|#Color|#Surname
Kelsey,kelsey,Neutral,English,From Cenel's Island,#Surname
Keltie,keltie,Neutral,Scottish,Place Name,#Surname
Kelton,kelton,Male,English,From The Calf Farm,#Surname
Kemp,kemp,Male,English,Fighter|Champion.,#Surname
Kendrick,kendrick,Male,English,Bold Ruler,#Surname
Kenley,kenley,Neutral,English,Royal Meadow,#Surname
Kennedy,kennedy,Neutral,Irish,Misshapen Head,#Celebrity|#Politician|#Surname
Kent,kent,Male,English,High Or Coastal Land,#FictionalCharacter|#Surname
Kerouac,kerouac,Neutral,French,Enclosure Of Soft Soil,#Literary|#Surname
Kerr,kerr,Neutral,Scottish,From The Rough Ground,#Surname
Khan,khan,Male,Indian,Ruler|King,#FictionalCharacter|#Royal|#Surname
Kiefer,kiefer,Male,German,Barrel Maker Or Pine Tree,#Celebrity|#Occupational|#Surname
Kilmer,kilmer,Neutral,English,Kiln Worker,#Surname
Kim,kim,Neutral,English,Short Form Of Kimberly Or Kimball,#Surname
Kimberly,kimberly,Neutral,English,From The Meadow Of The Royal Fortress,#Surname
Kincaid,kincaid,Neutral,Scottish,From Kincaith,#Place|#Surname
King,king,Male,American,Ruler,#Royal|#Surname
Kingston,kingston,Male,English,From The King's Town,#Celebrity|#Place|#Surname
Kiral,kiral,Neutral,Turkish,Supreme Chief,#Surname
Kirby,kirby,Neutral,English,From The Village With The Church,#Surname
Kirk,kirk,Male,Scandinavian,Church,#Surname
Kish,kish,Neutral,English,Leather Worker,#Occupational|#Surname
Kitson,kitson,Male,English,Son Of Kitt Or Son Of Christopher,#Surname
Knight,knight,Neutral,English,Warrior,#Surname
Knox,knox,Male,English,From The Small Hill,#Surname
Kramer,kramer,Male,German,Traveling Merchant,#Surname
Kyler,kyler,Neutral,German,Church|Monk's Cell,#Surname
Kynton,kynton,Male,English,From The Royal Manor,#Surname
Kyson,kyson,Male,English,Son Of Ky,#Surname
Lacey,lacey,Female,English,From Lassey|France.,#Surname
Lafayette,lafayette,Neutral,French,From The Land Of The Beech Tree,#Place|#Surname
Laine,laine,Female,English,Dweller In A Lane,#Surname
Lainer,lainer,Neutral,French,Wool Seller,#Surname
Lam,lam,Male,Vietnamese,Forest,#Surname
Lambert,lambert,Male,Dutch,Bright Land,#Celebrity|#Surname
Landis,landis,Male,American,Highwayman,#Surname
Landon,landon,Male,English,From The Long Hill,#Celebrity|#FictionalCharacter|#Surname
Landry,landry,Neutral,English,Land Rler,#Surname
Lane,lane,Neutral,English,From The Lane,#Surname
Lang,lang,Male,German,Tall Person,#Surname
Lanier,lanier,Neutral,French,Wool Seller,#Surname
Lanza,lanza,Neutral,Spanish,Lancer,#Surname
Lara,lara,Female,Russian,Cheerful,#Surname
Larson,larson,Neutral,Scandinavian,Son Of Lars,#Surname
Larue,larue,Neutral,French,Dweller By The Road,#Surname
Latham,latham,Male,English,Dweller At The Barns,#Surname
Lathrop,lathrop,Male,English,From The Farm On Clay Soil,#Surname
Latimer,latimer,Male,English,Interpreter,#Surname
Laverick,laverick,Neutral,English,Lark,#Surname
Lawrence,lawrence,Male,English,Laurel,#Surname
Lawson,lawson,Male,English,Son Of Lawrence,#Surname
Leavitt,leavitt,Male,English,Wolf Cub,#Surname
LeBlanc,leblanc,Neutral,French,Pale Complected Or White-Haired,#Surname
Ledell,ledell,Female,English,From The Loud Spring,#Surname
Lee,lee,Neutral,English,Field,#Surname
Legacy,legacy,Neutral,English,An Inheritance: Something Left To Someone In A Will.,#FictionalCharacter|#Literary|#Occupational|#Politician|#Royal|#Surname
Lenker,lenker,Neutral,German,Agile Person,#Surname
Lennon,lennon,Neutral,Irish,Dear One,#Celebrity|#Surname
Lennox,lennox,Neutral,Scottish,From Levenach|Scotland,#Celebrity|#Surname
Leonard,leonard,Male,English,Brave As A Lion,#Surname
Lester,lester,Male,English,From Leicester|England,#Surname
Leven,leven,Neutral,Scottish,Place Of The Flood,#Place|#Surname
Levron,levron,Neutral,French,From Vron|France,#Surname
Lewis,lewis,Male,English,Famed Warrior,#Surname
Limoges,limoges,Neutral,French,Carrying Spears,#Brand|#Surname
Linden,linden,Male,English,Made From Linwood Or Lime-wood,#Nature|#Surname
Lindley,lindley,Neutral,English,From The Lime Wood,#Surname
Lindsey,lindsey,Neutral,English,From The Lake Settlement Island,#Surname
Little,little,Neutral,English,Small Man,#Surname
Livingston,livingston,Male,Scottish,From Leving's Town,#Surname
Lloyd,lloyd,Male,Welsh,Grey,#Surname
Locke,locke,Neutral,English,Lock|Fastening,#Surname
Loften,loften,Neutral,English,Dwellers Of The Loft House,#Surname
Logan,logan,Neutral,Scottish,Little Hollow,#FictionalCharacter|#Nature|#Surname
Loman,loman,Male,German,From The Wood Land,#FictionalCharacter|#Surname
Lopez,lopez,Male,Spanish,Son Of Lope/Lobe,#Surname
Lorimer,lorimer,Male,English,Harness Maker,#Surname
Loring,loring,Neutral,English,From Lorraine In France,#Surname
Love,love,Neutral,English,Full Of Love Or Female Wolf,#Surname
Lovel,lovel,Neutral,English,Little Wolf,#Surname
Lowe,lowe,Neutral,English,Near The Small Hill,#Surname
Lowell,lowell,Male,English,Little Wolf,#Nature|#Surname
Lowery,lowery,Neutral,English,Family Of Lawrence,#Surname
Lowry,lowry,Male,Scottish,Laurel,#Surname
Lozano,lozano,Neutral,Italian,From Locarno|Switzerland.,#Surname
Lu,lu,Neutral,English,Light Or Famed Warrior,#Surname
Lucas,lucas,Male,Latin,From Lucania|Italy,#Biblical|#FictionalCharacter|#Place|#Sports|#Surname
Lucero,lucero,Female,Spanish,Light|Star,#Surname
Lucretia,lucretia,Female,Latin,Wealth,#Surname
Lucretius,lucretius,Male,Latin,Wealth|Profit,#Surname
Luke,luke,Male,Greek,Person From Lucania,#Biblical|#Celebrity|#FictionalCharacter|#Surname
Luna,luna,Female,Italian,The Moon,#FictionalCharacter|#Nature|#Surname
Lund,lund,Male,Scandinavian - Norse,Sacred Grove Of Trees,#Surname
Lundur,lundur,Neutral,Scandinavian - Norse,Sacred Grove Of Trees,#Surname
Lundy,lundy,Neutral,Scandinavian,Grove,#Surname
Lyle,lyle,Neutral,English,From The Island,#Surname
Lynch,lynch,Neutral,English,Descendant Of The Mariner,#Surname
Lynde,lynde,Neutral,German,Gentle,#Surname
Lyons,lyons,Neutral,Irish,Son Or Family Of Lyon,#Surname
Mac,mac,Male,Scottish,Son,#Surname
Macall,macall,Neutral,Scottish,Son Of The Battle Chief,#Surname
Macaulay,macaulay,Neutral,Scottish,Son Of The Battle Chief,#Surname
MacDonald,macdonald,Male,Scottish,Son Of Donald,#Surname
Macias,macias,Neutral,Spanish,The Messiah,#Surname
Mack,mack,Male,English,Son Of...,#Surname
Maddock,maddock,Male,Welsh,Good|Fortunate,#Surname
Maddox,maddox,Male,English,Son Of Madoc,#Sports|#Surname
Madigan,madigan,Neutral,Irish,Dog|Mastiff,#Surname
Madison,madison,Neutral,English,Son Of Matthew,#Place|#Surname
Mahomes,mahomes,Neutral,Irish,Bear,#Surname
Mahoney,mahoney,Neutral,Irish,Son Of The Bear,#Surname
Maille,maille,Female,French,Small Coin Or Tax Of That Amount,#Surname
Majella,majella,Female,Irish,Great,#Place|#Surname
Maldonado,maldonado,Neutral,Spanish,Ill-Favored,#Surname
Mallow,mallow,Neutral,American,Flower,#Surname
Malone,malone,Male,Irish,Devoted To St. John,#Surname
Mancuso,mancuso,Neutral,Italian,Left-handed,#Surname
Mann,mann,Male,English,Strong|Manly,#Surname
Manning,manning,Neutral,English,Strong|Valiant,#Sports|#Surname
Manton,manton,Male,English,From The Sandy Earth,#Surname
Mara,mara,Female,Hebrew,Of The Sea Or Bitter,#Biblical|#Celebrity|#Place|#Surname
Marconi,marconi,Neutral,Italian,From The Family Of Marc,#Surname
Marin,marin,Neutral,Latin,Of The Sea,#Surname
Marks,marks,Male,English,Devotee Of Mars,#Surname
Marley,marley,Neutral,English,From The Boundary Field,#Surname
Marlo,marlo,Female,English,Lake Remains,#Surname
Marlow,marlow,Neutral,English,Lake Remains,#Surname
Marmaduke,marmaduke,Male,Irish,Disciple Of Saint Maedoc,#Surname
Marquez,marquez,Neutral,Spanish,Son Of Marco,#Surname
Marsh,marsh,Neutral,English,Lives Near The Marshland,#Surname
Marshall,marshall,Male,English,Horse Keeper,#Occupational|#Surname
Martelli,martelli,Male,Italian,Hammersmith,#Surname
Martin,martin,Male,Latin,God Of War,#Celebrity|#Surname
Martinez,martinez,Male,Spanish,Descendant Of Martin,#Surname
Martini,martini,Neutral,Italian,Devotee Of Mars,#Surname
Mason,mason,Male,English,Stone Worker|Brick Layer,#Occupational|#Surname
Massey,massey,Neutral,English,French Place Name,#Place|#Surname
Mata,mata,Neutral,Spanish,Forest Land,#Place|#Surname
Mathis,mathis,Male,French,Gift Of God,#Surname
Mattox,mattox,Male,English,Son Of Madoc,#Surname
Maxton,maxton,Male,English,From Maccus' Town,#Place|#Surname
Maxwell,maxwell,Male,English,From Mack's Spring,#Literary|#Surname|#Water
May,may,Female,English,Goddess Maia Or Family Of Matthew,#Surname
Mayer,mayer,Male,German,Steward,#Celebrity|#Surname
Mayes,mayes,Neutral,English,Servant Or Child Of Matthew,#Surname
Maynard,maynard,Male,English,Brave Strength,#Surname
Mayo,mayo,Neutral,English,Family Of Matthew,#Surname
Mays,mays,Neutral,English,Good Friend,#Sports|#Surname
McCall,mccall,Neutral,Scottish,Son Of The Battle Chief,#Surname
McClure,mcclure,Neutral,Scottish,Son Of Ordar's Follower,#Surname
McCormick,mccormick,Neutral,Scottish,Son Of Cormac,#Surname
McCoy,mccoy,Neutral,Scottish,Son Of Aodh,#Surname
McCullough,mccullough,Neutral,Scottish,Son Of The Brave,#Surname
McDaniel,mcdaniel,Neutral,Scottish,Son Of Daniel/Donald,#Surname
McDonald,mcdonald,Neutral,Scottish,Son Of Donald,#Surname
McDowell,mcdowell,Neutral,Scottish,Son Of The Dark One,#Surname
McGee,mcgee,Neutral,Irish,Fire,#Fire|#Surname
McGuire,mcguire,Neutral,Scottish,Son Of The Pale Complected,#Surname
McIntyre,mcintyre,Male,Scottish,Son Of The Carpenter,#Surname
McKee,mckee,Neutral,Scottish,Son Of The Fiery One,#Surname
Mckenley,mckenley,Neutral,Scottish,Place Name,#Surname
McKenzie,mckenzie,Male,Scottish,Son Of The Handsome One,#Surname
McKinney,mckinney,Neutral,Scottish,Pagan God Of Fire,#Fire|#Surname
Mead,mead,Neutral,English,From The Meadow,#Surname
Medina,medina,Neutral,Hebrew,From The City,#Surname
Medrano,medrano,Neutral,Spanish,Abundance,#Surname
Mejia,mejia,Neutral,Spanish,Messiah,#Surname
Melton,melton,Neutral,English,The Middle Settlement,#Surname
Mendoza,mendoza,Neutral,Spanish,Cold Mountain,#Surname
Mercado,mercado,Neutral,Spanish,Market Worker,#Surname
Mercer,mercer,Neutral,English,Merchant,#Literary|#Occupational|#Surname
Merritt,merritt,Neutral,English,From The Boundary Gate,#Surname
Meyer,meyer,Neutral,English,Mayor,#Surname
Meza,meza,Neutral,Spanish,Mesa|Plateau,#Surname
Michael,michael,Neutral,Hebrew,Who Is Like God?,#Biblical|#Celebrity|#Surname
Middleton,middleton,Neutral,English,From The Middle Town,#Surname
Miles,miles,Male,Latin,Soldier,#FictionalCharacter|#Musical|#Surname
Miller,miller,Neutral,English,Mill Worker,#Occupational|#Surname
Mills,mills,Neutral,English,Near The Mills,#Surname
Miner,miner,Neutral,English,Coal Miner,#Occupational|#Surname
Miranda,miranda,Female,Latin,Admirable,#Celebrity|#FictionalCharacter|#Literary|#Surname
Mirra,mirra,Female,Italian,Myrrh,#Surname
Mitchell,mitchell,Male,American,Who Is Like God?,#Surname
Miyanda,miyanda,Female,African - Zambian,Unknown,#Surname
Mizell,mizell,Neutral,English,Wood Cutter,#Surname
Mobley,mobley,Neutral,English,From The Clearing With The Mound,#Place|#Surname
Molina,molina,Neutral,Spanish,Miller,#Occupational|#Surname
Monahan,monahan,Neutral,Irish,Descendant Of The Little Monk,#Surname
Monet,monet,Neutral,French,To Be Heard,#Surname
Monroe,monroe,Neutral,Scottish,From The Hill,#Surname
Montague,montague,Male,English,From The Pointed Hill,#Surname
Montes,montes,Neutral,Spanish,Mountains,#Surname
Montgomery,montgomery,Male,English,From The Hill Of The Powerful Man,#Surname
Montoya,montoya,Neutral,Spanish,From The Hills And Valleys,#Surname
Moon,moon,Neutral,English,From The Moon,#Celebrity|#Surname
Moore,moore,Neutral,English,Lives Near A Marsh Or Bog,#Surname
Mora,mora,Female,Spanish,Blackberry,#Surname
Morales,morales,Neutral,Spanish,By The Mulberry Tree,#Surname
Moran,moran,Neutral,Irish,Sea Warrior,#Surname
Moreno,moreno,Neutral,Spanish,Brown-skinned,#Surname
Morgan,morgan,Neutral,Welsh,Great Circle,#Nature|#Surname
Morris,morris,Male,Latin,Dark Skinned,#Surname
Morrison,morrison,Neutral,English,Son Of Morris,#Surname
Morrow,morrow,Neutral,English,Row Of Cottages On The Moor,#Surname
Morse,morse,Male,English,Dark Skinned,#Surname
Morton,morton,Male,Scottish,From The Moor Town,#Surname
Moses,moses,Male,Egyptian,Born Of A God,#Biblical|#Surname
Mosley,mosley,Neutral,English,Unknown,#Surname
Moss,moss,Male,English,Born Of A God,#Biblical|#Nature|#Surname
Mozart,mozart,Male,German,From The Bog|Marsh,#Place|#Surname
Mueller,mueller,Neutral,German,Miller,#Surname
Mukhopadhyay,mukhopadhyay,Female,Indian,Chief Teacher,#Surname
Mulder,mulder,Male,German,Wooden Bowl Maker,#FictionalCharacter|#Surname
Mullins,mullins,Neutral,English,Miller,#Occupational|#Surname
Muncel,muncel,Neutral,Slavic,Romanian Place Name,#Surname
Muñoz,munoz,Male,Spanish,Son Of Muño,#Surname
Murgatroyd,murgatroyd,Female,English,From Margaret's Clearing,#Surname
Murphy,murphy,Neutral,Irish,Descendant Of Sea Warrior,#Celebrity|#FictionalCharacter|#Surname
Murray,murray,Neutral,English,From The Sea Town,#Surname
Murrillo,murrillo,Neutral,Spanish,Wall|Boundary,#Surname
Mycroft,mycroft,Male,English,By The Stream|Small Field,#Literary|#Surname
Nansen,nansen,Male,Scandinavian,Son Of Nan,#Surname
Nash,nash,Male,English,Dweller By The Ash Tee,#Surname
Nava,nava,Female,Hebrew,Beauty,#Surname
Navarro,navarro,Male,Spanish,From Navarre|France,#Place|#Surname
Naylor,naylor,Neutral,English,Nail Maker,#Occupational|#Surname
Neal,neal,Male,Irish,Champion Or Passionate,#Surname
Neely,neely,Neutral,Irish,Son Of Champion Or Passionate,#Surname
Neenan,neenan,Female,Irish,(Descendent Of The) Beloved,#Surname
Neilan,neilan,Male,Irish,Descendant Of Niall,#Surname|#Virtue
Nellis,nellis,Female,American,Horn,#Surname
Nelson,nelson,Male,English,Son Of Neil Or Nell,#Surname
Nero,nero,Male,Latin,Powerful|Strong,#Surname
Neville,neville,Male,French,New Town,#Surname
Newell,newell,Neutral,English,New Town,#Surname
Newman,newman,Male,English,The New Man|Stranger,#Surname
Newton,newton,Male,English,From The New Town,#Celebrity|#Science|#Surname
Nguyen,nguyen,Neutral,Vietnamese,Musician Of Stringed Instrument,#Surname
Nichols,nichols,Neutral,English,Family Of Nicholas,#Surname
Nicholson,nicholson,Male,English,Son Of Nicholas,#Surname
Nicodemus,nicodemus,Male,Greek,Victory Of The People,#Biblical|#Surname
Nixon,nixon,Male,English,Son Of Nicholas,#Politician|#Surname
Noble,noble,Neutral,English,High Born,#Surname
Nolan,nolan,Male,Irish,Descendant Of The Famous One,#Sports|#Surname
Noll,noll,Neutral,German,Rule,#Surname
Norman,norman,Male,English,Man From The North,#Surname
Norris,norris,Neutral,English,From The North,#Surname
Norton,norton,Male,English,From The Town In The North,#Surname
Novak,novak,Male,German,Newcomer,#Surname
Nuin,nuin,Female,Basque,Unknown,#Surname
Nuñez,nunez,Neutral,Spanish,Son Of Nuño,#Surname
Oakley,oakley,Neutral,English,From The Oak Tree Field,#Brand|#Surname
Ochoa,ochoa,Neutral,Spanish,The Wolf,#Surname
Ogden,ogden,Male,English,From The Oak Valley,#Surname
Ohara,ohara,Female,Japanese,Large Plain,#Surname
Oliver,oliver,Male,English,Olive Tree,#Celebrity|#Musical|#Politician|#Surname
Olsen,olsen,Neutral,Scandinavian,Son Of Olaf,#Surname
Olson,olson,Male,Scandinavian,Son Of Olaf,#Surname
Onofre,onofre,Male,Spanish,Peace Warrior,#Surname
Oracion,oracion,Neutral,Spanish,Prayer,#Surname
Orde,orde,Male,English,Point|Sword,#Surname
Ormand,ormand,Male,English,Descendent Of The Red One,#Surname
Orozco,orozco,Neutral,Spanish,From Orozco|Spain,#Surname
Orrick,orrick,Male,English,Sword Ruler,#Surname
Ortega,ortega,Neutral,Spanish,From Ortega|Spain,#Surname
Ortiz,ortiz,Male,Spanish,Son Of Orti,#Surname
Osborn,osborn,Male,English,God Bear,#Surname
Osbourne,osbourne,Male,English,God Bear,#Surname
Owen,owen,Male,Irish,The Yew Tree Or Youth,#Celebrity|#FictionalCharacter|#Literary|#Surname
Pace,pace,Neutral,English,Peaceful One,#Surname
Pacey,pacey,Male,English,From Pacy In France,#Surname
Pacheco,pacheco,Neutral,Spanish,Noble One|Or From France,#Surname
Padilla,padilla,Neutral,Spanish,Small Sauce Pan,#Surname
Page,page,Neutral,English,Attendant,#Surname
Paget,paget,Neutral,English,Little Page,#Celebrity|#Surname
Paige,paige,Female,English,Assistant|Page,#Occupational|#Surname
Painter,painter,Neutral,English,One Who Paints,#Occupational|#Surname
Palacios,palacios,Neutral,Spanish,Palaces,#Surname
Palmer,palmer,Male,English,Holy Land Pilgrim,#Surname
Parish,parish,Neutral,English,Religious Region,#Surname
Park,park,Neutral,Chinese,Cypress Tree,#Surname
Parker,parker,Neutral,English,Park Keeper,#Occupational|#Surname
Parkin,parkin,Neutral,English,Rock,#Surname
Parry,parry,Neutral,Welsh,Son Of Harry,#Surname
Parsons,parsons,Neutral,English,Priest|Parson,#Surname
Patel,patel,Neutral,Indian,Land Owner,#Surname
Patrick,patrick,Male,English,Nobleman,#Surname
Patterson,patterson,Male,English,Son Of Patrick,#Surname
Patton,patton,Male,English,Son Of Patrick,#Surname
Paul,paul,Male,Latin,Humble|Small,#Biblical|#Surname
Paxton,paxton,Neutral,English,From Pacc's Town,#Surname
Payne,payne,Neutral,English,Pagan,#Surname
Pays,pays,Neutral,English,Peace,#Surname
Payson,payson,Neutral,English,Son Of Peace,#Surname
Pazzi,pazzi,Neutral,Italian,Madman,#Surname
Pearson,pearson,Neutral,English,Son Of Piers/Peter,#Surname
Pemberley,pemberley,Neutral,English,From The Barley Hill,#Surname
Peña,pena,Male,Spanish,Lives Near The Rock Or Cliff,#Surname
Pennington,pennington,Neutral,English,Livestock Enclosure,#Surname
Percival,percival,Male,English - Arthurian Romance,Pierce Valley,#FictionalCharacter|#Place|#Science|#Surname
Perez,perez,Male,Spanish,Son Of Pedro,#Biblical|#Surname
Perkins,perkins,Neutral,English,Son Of Peter,#Surname
Perry,perry,Male,English,Dweller By The Pear Tree,#Surname
Peterson,peterson,Male,English,Son Of Peter,#Surname
Pfeiffer,pfeiffer,Neutral,German,Piper (Musician),#Surname
Pham,pham,Neutral,Vietnamese,Extensive,#Surname
Phelps,phelps,Neutral,English,Family Of Phillip,#Surname
Phiper,phiper,Neutral,German,Pipe Player,#Occupational|#Surname
Picasso,picasso,Neutral,Spanish,Magpie; Talkative,#Celebrity|#Surname
Pickles,pickles,Neutral,English,Lives By Small Field,#Surname
Pierce,pierce,Neutral,English,Rock,#Surname
Pike,pike,Neutral,English,Peak|Point,#Surname
Piñeda,pineda,Neutral,Spanish,Forest Of Pines,#Surname
Pirro,pirro,Male,Italian,Rock,#Surname
Plummer,plummer,Neutral,English,Occupational Name,#Occupational|#Surname
Poe,poe,Neutral,English,Peacock,#FictionalCharacter|#Surname
Ponce,ponce,Male,Spanish,Ocean,#Surname|#Water
Poole,poole,Neutral,English,Small Lake Or Stream,#Surname
Pope,pope,Neutral,English,Clergy,#Surname
Porter,porter,Neutral,English,Door Keeper,#Musical|#Occupational|#Surname
Potter,potter,Male,English,Pot Maker,#FictionalCharacter|#Literary|#Occupational|#Surname
Powell,powell,Male,Welsh,Son Of Howell/Hywell,#Surname
Prada,prada,Neutral,Italian,From Prada De Conflent; Meadow,#Brand|#Surname
Pratt,pratt,Female,English,Trick,#Surname
Prentice,prentice,Neutral,English,Apprentice,#Surname
Prescott,prescott,Male,English,From The Priest's Cottage,#Surname
Presley,presley,Neutral,English,From The Priest's Field,#Celebrity|#Surname
Preston,preston,Neutral,English,From The Priest's Town,#Surname
Price,price,Male,English,Son Of Rhys,#Surname
Primrose,primrose,Female,English,The Primrose Flower,#Nature|#Surname
Prince,prince,Male,Latin,Royal Son,#Royal|#Surname
Pringle,pringle,Neutral,English,From The Valley|Ravine.,#Brand|#Surname
Proctor,proctor,Neutral,English,Manager|Supervisor,#Occupational|#Surname
Pruitt,pruitt,Neutral,English,Brave One,#Surname
Pugh,pugh,Neutral,Welsh,Son Of Hugh,#Surname
Quant,quant,Neutral,Dutch,Rogue,#Surname
Quennell,quennell,Neutral,English,Woman Battle,#Surname
Quinn,quinn,Neutral,Irish,Descendent Of Conn,#Surname
Quintana,quintana,Female,Spanish,From The Country House,#Surname
Quintero,quintero,Neutral,Spanish,Fifth Or Farmstead,#Surname
Radley,radley,Male,English,From The Red Field,#Surname
Rafer,rafer,Male,German,Unknown,#Surname
Raider,raider,Male,English,One Who Invades And Takes,#Sports|#Surname
Raith,raith,Male,English,Unknown,#Surname
Ramirez,ramirez,Male,Spanish,Son Of Ramiro,#Surname
Ramos,ramos,Neutral,Spanish,From The Wooded Area,#Surname
Ramsey,ramsey,Male,Scottish,Island Of Garlic,#Surname
Randall,randall,Male,English,Shield Wolf,#Surname
Randolph,randolph,Male,English,Shield Wolf,#Surname
Rangel,rangel,Neutral,Portuguese,Unknown,#Surname
Rangeley,rangeley,Neutral,English,Place Name,#Place|#Surname
Ranger,ranger,Male,English,Forest Protector,#Occupational|#Surname
Ray,ray,Male,English,Counsel Protection,#Surname
Raymond,raymond,Male,English,Counsel Protection,#Surname
Razo,razo,Male,French,Royal,#Surname
Reading,reading,Neutral,English,Dweller In The Clearing,#Surname
Reagan,reagan,Neutral,Irish,Little King,#Politician|#Surname
Redell,redell,Neutral,American,Wolf Counsel,#Surname
Redford,redford,Male,English,From The Red Ford,#Celebrity|#Surname
Redmond,redmond,Male,Irish,Advice|Protector,#Sports|#Surname
Reed,reed,Neutral,English,A Reed Or Red Haired,#Nature|#Surname
Reese,reese,Neutral,Welsh,Passion|Enthusiasm,#Surname
Reeves,reeves,Male,English,Servant Or Child Of The Steward,#Surname
Reid,reid,Neutral,English,Red Headed,#Surname
Reilly,reilly,Neutral,Irish,Descendant Of Roghallach,#Surname
Renaud,renaud,Neutral,French,Advice|Rule,#FictionalCharacter|#Literary|#Surname
Reno,reno,Neutral,Spanish,Advice|Rule,#Surname
Revelin,revelin,Male,English,Pride|Rebellion,#Surname
Reyes,reyes,Neutral,Spanish,Kings,#Surname
Reynolds,reynolds,Male,English,Family Of Reginald,#Surname
Rhett,rhett,Male,English,Counsel|Advice,#FictionalCharacter|#Surname
Rhodes,rhodes,Neutral,English,From A Clearing In The Woods,#Surname
Rice,rice,Neutral,Welsh,Fiery Warrior,#Surname
Rich,rich,Male,English,Brave Ruler Or Wealthy,#Surname
Richmond,richmond,Male,English,The Protector King,#Place|#Surname
Ridgely,ridgely,Neutral,English,Lives By The Field Or Ridge,#Surname
Ridley,ridley,Neutral,English,Reed/Wood Clearing,#Nature|#Surname
Rigny,rigny,Neutral,French,From Rigny|France,#Surname
Riley,riley,Neutral,Irish,Descendant Of Roghallach,#Surname
Rios,rios,Neutral,Spanish,Lives Near The River,#Surname|#Water
Ritz,ritz,Male,English,Brave Ruler/Luxury,#Brand|#Surname
Rivas,rivas,Neutral,Spanish,From The River Bank,#Surname|#Water
Rivera,rivera,Neutral,Spanish,Lives Near The River,#Surname|#Water
Roach,roach,Neutral,English,Rocky Crag,#Surname
Robbins,robbins,Neutral,English,Famiy Of Robin,#Surname
Roberson,roberson,Male,English,Son Of Robert,#Surname
Robertson,robertson,Male,English,Son Of Robert,#Surname
Robinson,robinson,Male,English,Son Of Robin,#Literary|#Sports|#Surname
Robles,robles,Neutral,Spanish,Oak Trees,#Surname
Rocha,rocha,Neutral,Portuguese,Lives By The Rocky Crag,#Surname
Rockefeller,rockefeller,Male,American,From Rockenfeld|Germany,#Surname
Rodriguez,rodriguez,Male,Spanish,Son Of Rodrigo,#Surname
Rogan,rogan,Neutral,Irish,Redheaded,#Celebrity|#Surname
Rogers,rogers,Male,English,Family Of Roger,#Surname
Rojas,rojas,Neutral,Spanish,Red-headed Or Ruddy,#Surname
Rollins,rollins,Male,English,Son Of Rolf/Rollo,#Surname
Romero,romero,Male,Spanish,From Rome,#Surname
Romney,romney,Male,Welsh,From The Broad River,#Politician|#Surname|#Water
Roosevelt,roosevelt,Male,Dutch,From The Rose Field,#Politician|#Surname
Roper,roper,Neutral,English,Rope Maker,#Occupational|#Surname
Rosales,rosales,Neutral,Spanish,From The Place Of Roses,#Surname
Rosario,rosario,Neutral,Spanish,Rosary,#Surname
Rose,rose,Female,English,Rose,#Nature|#Surname
Rosencrantz,rosencrantz,Neutral,German,Rose Grower,#Surname
Ross,ross,Male,Scottish,Headland,#Surname
Roth,roth,Neutral,English,Red-headed,#Surname
Roux,roux,Neutral,French,Red,#Surname
Rowan,rowan,Neutral,Irish,Little Red One,#Surname
Rowe,rowe,Neutral,English,Renowned Wolf,#Surname
Roy,roy,Male,Scottish,Red,#Surname
Royce,royce,Male,English,Rose|Ruddy|Or Of Famous King,#Nature|#Surname
Rubio,rubio,Neutral,Spanish,Red-headed Or Ruddy,#Surname
Ruger,ruger,Male,English,Renowned-spear,#Brand|#Surname
Ruiz,ruiz,Male,Spanish,Son Of Roy/Ruy,#Surname
Rumer,rumer,Neutral,English,Fame Or Rome Pilgrim,#Surname
Rush,rush,Neutral,English,Reeds,#Surname
Russell,russell,Male,English,Red,#Surname
Russo,russo,Male,Italian,Red Haired,#Surname
Russom,russom,Male,English,Red,#Surname
Rustin,rustin,Neutral,English,Red-Haired,#Surname
Ruth,ruth,Female,Hebrew,Friendship,#Biblical|#Surname
Ryan,ryan,Neutral,Irish,Descendant Of The King,#Celebrity|#Surname
Ryden,ryden,Neutral,English,From The Rye Hill,#Surname
Ryker,ryker,Male,American,Becoming Rich,#Place|#Surname
Sadler,sadler,Male,English,Saddle Maker,#Surname
Sagan,sagan,Neutral,Polish,Kettle Maker,#Surname
Sailor,sailor,Neutral,German,Boat Man,#Occupational|#Surname
Salas,salas,Neutral,Spanish,Rooms|Halls,#Surname
Salazar,salazar,Neutral,Spanish,From Salazar|Spain.,#Surname
Salgado,salgado,Neutral,Portuguese,Salty|Wry,#Surname
Salinas,salinas,Neutral,Spanish,Lives In A Large Building Or Fortress,#Place|#Surname
Sanchez,sanchez,Male,Spanish,Son Of Sancho,#Surname
Sanders,sanders,Male,English,Family Of Alexander,#Surname
Sandoval,sandoval,Neutral,Spanish,Land Of Forest,#Place|#Surname
Sanford,sanford,Male,English,From The Sandy Ford,#Surname
Santana,santana,Neutral,Spanish,Follower Of St. Anna,#Surname
Santiago,santiago,Male,Spanish,Of St. James,#Place|#Surname
Santos,santos,Male,Spanish,Holy,#Surname
Saunders,saunders,Neutral,English,Family Of Alexander,#Surname
Savage,savage,Male,English,Wild One,#Surname
Savara,savara,Female,Indian,Unknown,#Surname
Sawyer,sawyer,Neutral,English,Wood Cutter,#Occupational|#Surname
Schneider,schneider,Neutral,German,Tailor,#Occupational|#Surname
Schroeder,schroeder,Male,German,Tailor,#Occupational|#Surname
Schultz,schultz,Male,German,Judge/Mayor,#Surname
Schwartz,schwartz,Neutral,German,Dark Or Swarthy,#Surname
Scott,scott,Male,English,Person From Scotland,#Surname
Scriabin,scriabin,Neutral,Russian,Scribe|Writer,#Musical|#Surname
Seal,seal,Neutral,English,Dweller By The Small Wood,#Surname
Seath,seath,Neutral,Irish,Wolfish,#Surname
Sebille,sebille,Female,English,Prophets,#Surname
Seeley,seeley,Neutral,English,Very Happy,#Surname
Sefton,sefton,Neutral,English,Town With The Rushes,#FictionalCharacter|#Place|#Surname
Serrano,serrano,Neutral,Spanish,Lives Near A Mountain Ridge,#Surname
Shackleton,shackleton,Neutral,English,From The Shackled Town,#Surname
Shaffer,shaffer,Male,German,Steward|Butler,#Occupational|#Surname
Shah,shah,Male,Persian,King,#Surname
Shannon,shannon,Neutral,Irish,Straw Worker,#Nature|#Occupational|#Surname
Sharp,sharp,Neutral,English,Smart Person,#Surname
Shaw,shaw,Male,English,Dweller By The Wood,#Surname
Shelley,shelley,Neutral,English,From The Sloping Field,#Surname
Shelton,shelton,Neutral,English,From The Ledge Enclosure,#Place|#Surname
Shepherd,shepherd,Neutral,English,Sheep Herder,#Nature|#Occupational|#Surname
Sherman,sherman,Male,English,Cloth Cutter,#Surname
Sherwin,sherwin,Male,English,Quick As The Wind,#Surname
Shields,shields,Neutral,English,From A Shed Or Shelter,#Surname
Sigourney,sigourney,Neutral,French,The Conqueror,#Celebrity|#FictionalCharacter|#Place|#Surname
Silva,silva,Neutral,Portuguese,By The Woods Or Forest,#Surname
Simmons,simmons,Neutral,English,Family Of Simon,#Surname
Simon,simon,Male,Hebrew,God Has Heard,#Biblical|#Surname
Simpson,simpson,Male,English,Son Of Simon,#FictionalCharacter|#Sports|#Surname
Sims,sims,Neutral,English,Family Of Simon,#Brand|#Surname
Sinatra,sinatra,Male,Italian,Senator|Elderly Man,#Celebrity|#Occupational|#Surname
Sinclair,sinclair,Male,English,From St. Clair|France,#Surname
Singer,singer,Neutral,English,Person Who Sings,#Occupational|#Surname
Singh,singh,Neutral,Indian,Lion-Like,#Surname
Singleton,singleton,Neutral,English,Lives Near A Burnt Clearing,#Surname
Skaggs,skaggs,Neutral,English,Bearded One,#Surname
Skinner,skinner,Neutral,English,Pelt/Hide Preparer,#Surname
Slade,slade,Male,English,Dweller In The Valley,#Surname
Slater,slater,Neutral,English,Slate Worker,#Occupational|#Surname
Sloan,sloan,Male,Irish,Expedition|Invasion,#Surname
Smith,smith,Male,English,Blacksmith Or Other Skilled Worker,#Occupational|#Surname
Smithers,smithers,Neutral,English,Metalsmith,#FictionalCharacter|#Surname
Snow,snow,Female,English,Frozen Rain|Light-haired.,#Nature|#Surname
Snyder,snyder,Male,English,Clothing Tailor,#Surname
Sokol,sokol,Male,Albanian,Falcon,#Nature|#Surname
Solis,solis,Neutral,Spanish,From The Village Of Soler|Spain,#Surname
Solomon,solomon,Male,Hebrew,Peaceful One,#Biblical|#Surname
Sorley,sorley,Male,English,Summer Traveller|Viking,#Surname
Sosa,sosa,Neutral,Portuguese,Salt Water,#Surname|#Water
Soto,soto,Male,Spanish,Forest Grove,#Surname
Sparks,sparks,Neutral,English,Full Of Life,#Surname
Speck,speck,Neutral,American,Pork Seller,#Occupational|#Surname
Spence,spence,Male,English,Butler|Steward,#Surname
Spencer,spencer,Neutral,English,Butler|Steward,#Occupational|#Surname
Spicer,spicer,Male,American,One Who Works With Spices,#Surname
Sprague,sprague,Male,English,Alert|Lively,#Surname
Spurgeon,spurgeon,Neutral,Scandinavian,Little Twig,#Surname
Stacey,stacey,Female,Greek,Resurrection,#Surname
Stacy,stacy,Neutral,English,Resurrection,#Surname
Stafford,stafford,Male,English,Ford By The Landing,#Surname
Stanley,stanley,Male,English,From The Stony Field,#Surname
Stanton,stanton,Male,English,From The Stony Town,#Surname
Starbuck,starbuck,Neutral,English,From The River Where Stakes Were Got,#FictionalCharacter|#Surname|#Water
Stark,stark,Neutral,English,Firm|Unwielding,#FictionalCharacter|#Surname
Starr,starr,Female,English,Celestial Spheroid Of Plasm,#FictionalCharacter|#Nature|#Surname
Steele,steele,Neutral,English,Steel Worker,#Occupational|#Surname
Stein,stein,Neutral,German,Family Of Stephen,#Surname
Stephenson,stephenson,Neutral,English,Son Of Stephen,#Surname
Sterling,sterling,Male,English,Starling|Little Star,#Surname
Stewart,stewart,Male,Scottish,Steward Of The Estate Or Castle,#Surname
Stillman,stillman,Male,English,Fisherman,#Surname
Stockton,stockton,Male,English,From The Monastery Town,#Surname
Stokes,stokes,Neutral,English,Tree Stumps,#Surname
Stone,stone,Male,English,Dweller By The Stone Or Rocks,#Nature|#Surname
Stratton,stratton,Neutral,English,From The Town On The Roman Road,#Surname
Strickland,strickland,Neutral,English,From The Cow Pasture,#Surname
Strong,strong,Neutral,English,Hardy|Full Of Strength,#Surname
Struan,struan,Male,Scottish,Small Stream,#Place|#Surname
Stuart,stuart,Male,Scottish,Steward Of The Estate Or Castle,#FictionalCharacter|#Surname
Sullivan,sullivan,Male,Irish,Dark-eyed,#Surname
Sully,sully,Neutral,English,From The South Field,#Surname
Summers,summers,Neutral,English,Mule Or Horse Driver,#Surname|#Water
Sutton,sutton,Neutral,English,From The South Town,#Surname
Sverre,sverre,Male,Scandinavian,To Swing Around,#Royal|#Surname
Swain,swain,Male,English,Boy|Servant,#Surname
Swann,swann,Neutral,English,Swan Or Form Of Swain,#Surname
Swanson,swanson,Neutral,English,Son Of Swan Or Herdsman,#Occupational|#Surname
Sweeney,sweeney,Neutral,Scottish,Young Warrior From Another Land,#Surname
Synclair,synclair,Male,English,From St. Clair In France,#Surname
Synott,synott,Neutral,Irish,Honorable|Without Sin,#Surname
Tacy,tacy,Neutral,English,Fruitful,#Surname
Tandy,tandy,Neutral,English,Manly,#Surname
Tanner,tanner,Neutral,English,Leather Worker,#Occupational|#Surname
Tapia,tapia,Neutral,Spanish,Mud Wall,#Surname
Tarmon,tarmon,Male,Irish,Church Land,#Surname
Tasman,tasman,Male,English,Person From Tasmania,#Place|#Surname
Tate,tate,Neutral,English,Cheerful,#Surname
Tatiana,tatiana,Female,Russian,Roman Surname|Unknown Meaning,#Surname
Taylor,taylor,Neutral,English,One Who Tailors Clothes,#Celebrity|#Occupational|#Surname
Tchaikovsky,tchaikovsky,Male,Russian,Lapwing Bird,#Surname
Tenley,tenley,Female,English,Dennis' Field,#Surname
Terrel,terrel,Male,English,Stubborn,#Surname
Terris,terris,Neutral,English,Son Of Thierry,#Surname
Terry,terry,Neutral,English,Diminutive Form Of Terence Or Theresa,#Surname
Tesla,tesla,Female,Slavic,From Thessaly|A Region In Greece,#Science|#Surname
Thatcher,thatcher,Male,English,Roof Maker,#Occupational|#Surname
Thayer,thayer,Male,English,Tailor,#Surname
Thomas,thomas,Male,Greek,A Twin,#Biblical|#Surname
Thompson,thompson,Male,English,Son Of Thomas,#Surname
Thorley,thorley,Neutral,English,Thorn Clearing,#Surname
Thorn,thorn,Male,German,Spike On A Plant,#Surname
Thornton,thornton,Male,English,From The Thorny Town,#Surname
Tilden,tilden,Male,English,From Tila's Valley,#Surname
Tobert,tobert,Neutral,English,Bright Valley,#Surname
Todd,todd,Male,English,Fox,#Nature|#Surname
Tolla,tolla,Female,Spanish,Marsh,#Surname
Tolliver,tolliver,Neutral,English,Metal Worker,#Occupational|#Surname
Tomai,tomai,Neutral,Greek,Form Of Thomas,#Surname
Topper,topper,Neutral,English,One Who Attached The Wool To The Distaff For Spinning,#Surname
Torrell,torrell,Neutral,English,Dweller At The Small Tower,#Surname
Torres,torres,Neutral,Spanish,Lives Near A Tower,#Surname
Tosca,tosca,Female,Italian,From Tuscany|Italy,#FictionalCharacter|#Surname
Toseland,toseland,Neutral,English,Toli's Grove,#FictionalCharacter|#Place|#Surname
Townsend,townsend,Male,English,From The Dnd Of The Town,#Surname
Tracen,tracen,Neutral,American,From Tracy|France,#Surname
Tracy,tracy,Neutral,English,From Tracy|France,#Surname
Tran,tran,Neutral,Vietnamese,Old|Ancient,#Surname
Travis,travis,Male,English,From The Crossing Or Tollgate,#Surname
Trefor,trefor,Male,Welsh,From The Big Village,#Surname
Trejo,trejo,Neutral,Spanish,From Trexo|Spain,#Surname
Tremain,tremain,Male,Welsh,From The Town Of The Stone,#Surname
Trent,trent,Male,English,Thirty,#Surname
Trevelian,trevelian,Male,Welsh,From The Homestead Of Elian,#Surname
Trevet,trevet,Male,English,Tripod,#Surname
Trevino,trevino,Neutral,Spanish,Lives On A Boundary,#Surname
Trilby,trilby,Neutral,English,From Thorolf's Farm,#FictionalCharacter|#Surname
Triska,triska,Female,Slavic,Sliver,#Surname
Troian,troian,Neutral,Slavic,Father Of Triplet Sons,#Surname
Trory,trory,Male,Irish,Unknown,#Surname
Truett,truett,Neutral,English,Dry Resinous Wood And River Bend,#Surname
Truman,truman,Male,English,Faithful Man,#Surname
Trumble,trumble,Male,English,Strong Bold,#Surname
Trump,trump,Male,English,Trumpet Or Drum,#Surname
Tucker,tucker,Neutral,English,Softener Of Cloth,#Occupational|#Surname
Tudor,tudor,Male,Welsh,People King,#Surname
Turner,turner,Male,English,Lathe Worker,#Occupational|#Surname
Tyler,tyler,Neutral,English,Tile Maker,#Occupational|#Surname
Tyrell,tyrell,Male,English,Stubborn,#Surname
Udell,udell,Male,English,From The Yew Valley,#Surname
Underwood,underwood,Neutral,English,Below The Forest Trees,#Surname
Vail,vail,Neutral,English,Dweller In The Valley,#Surname
Valdez,valdez,Neutral,Spanish,Son Of Valdo/Waldo,#Surname
Valencia,valencia,Female,Spanish,Valor|Health,#Place|#Surname
Valentine,valentine,Neutral,English,Vigorous|Strong,#Surname
Valenzuela,valenzuela,Female,Spanish,Bravery|Strength,#Surname
Vance,vance,Male,English,From The Marsh,#Surname
Vander,vander,Male,Greek,Good Man Or Family Of,#Surname
Varden,varden,Male,English,From Verdun,#Surname
Vargas,vargas,Neutral,Spanish,From The Pasture,#Surname
Variel,variel,Female,Spanish,Changeable|Different,#Surname
Varro,varro,Male,Latin,Durable|Strong,#Surname
Vasquez,vasquez,Male,Spanish,Son Of Vasco,#Surname
Vassar,vassar,Male,English,Vassal|Servant,#Surname
Vaughan,vaughan,Male,Welsh,Small,#Surname
Vaughn,vaughn,Neutral,English,Small,#Celebrity|#Surname
Vazquez,vazquez,Neutral,Spanish,Son Of Vasco,#Surname
Vega,vega,Female,Arabic,Stooping Eagle,#Surname
Vela,vela,Female,Spanish,Vigilant|Watchful,#Surname
Velazquez,velazquez,Neutral,Spanish,Son Of Velasco,#Surname
Velez,velez,Neutral,Spanish,Vigilant People,#Surname
Verlin,verlin,Male,Irish,Farthing Coin,#Surname
Verne,verne,Male,English,Dweller Among The Ferns,#Surname
Vernon,vernon,Male,English,Alder Tree,#Surname
Villa,villa,Neutral,Spanish,Country Estate|Town,#Surname
Villanueva,villanueva,Neutral,Spanish,From The New Town,#Surname
Villareal,villareal,Neutral,Spanish,From The Royal Estate,#Surname
Villegas,villegas,Neutral,Spanish,From The Village,#Surname
Vincent,vincent,Male,Latin,Victorious,#Surname
Vinton,vinton,Neutral,English,Person From Winton,#Science|#Surname
Vionnet,vionnet,Neutral,French,Unknown,#Brand|#Surname
Vix,vix,Neutral,German,Fix,#Surname
Volta,volta,Neutral,Italian,Turn|Rotation,#Surname
Von,von,Neutral,German,Son Of,#Surname
Vondra,vondra,Female,American,Combination Of Vonda And Sandra,#Surname
Voshell,voshell,Neutral,Dutch,Fox,#Surname
Voss,voss,Neutral,German,Fox,#Surname
Wade,wade,Male,English,Traveler By The Ford,#Surname
Wagner,wagner,Male,English,Wagon Maker,#Surname
Waite,waite,Male,English,Watchman|Guard,#Surname
Walden,walden,Male,English,From The Valley Of The Britons,#Surname
Walker,walker,Male,English,Fuller Of Cloth,#Occupational|#Surname
Wallace,wallace,Neutral,English,Foreigner|Stranger,#Surname
Walsh,walsh,Female,English,Welsh/Foreigner,#Surname
Walter,walter,Male,English,Army Ruler,#Sports|#Surname
Walworth,walworth,Male,English,From The Homestead Of The Britons,#Surname
Ward,ward,Male,English,Guardian,#Surname
Ware,ware,Neutral,English,Dam,#Surname
Warner,warner,Male,English,Army Guard,#Surname
Warren,warren,Male,English,Guard,#Celebrity|#Surname
Warrick,warrick,Male,English,From The Town By The River,#Surname|#Water
Warwick,warwick,Male,English,From The Town By The Weir,#Surname
Washington,washington,Male,English,From The Town Of Wassa's Peopl,#Celebrity|#Place|#Politician|#Surname
Watkins,watkins,Neutral,English,Family Of Watt/Walter,#Surname
Watson,watson,Male,English,Son Of Walter,#Surname
Watts,watts,Neutral,English,Family Of Walter/Watt,#Place|#Surname
Waverly,waverly,Neutral,English,From The Brushwood Field,#Surname
Wayne,wayne,Male,English,Wagon Driver,#Celebrity|#Sports|#Surname|#Water
Weatherly,weatherly,Neutral,English,From The Sheep Meadow,#Surname
Weaver,weaver,Neutral,English,One Who Weaves Cloth,#Occupational|#Surname
Webb,webb,Male,English,Weaver,#Surname
Weber,weber,Neutral,German,Weaver,#Occupational|#Surname
Webster,webster,Male,English,Weaver,#FictionalCharacter|#Occupational|#Surname
Welch,welch,Neutral,English,Welsh/Foreigner,#Surname
Weldon,weldon,Male,English,From The Hill With A Well,#Surname
Wells,wells,Male,English,From The Well Or Spring.,#Surname
Wesley,wesley,Male,English,From The West Field,#Nature|#Surname
West,west,Male,English,From The West,#Celebrity|#Surname
Westry,westry,Neutral,English,Family From The West,#Surname
Wheatley,wheatley,Male,English,From The Wheat Field,#Surname
Wheaton,wheaton,Male,English,From The Wheat Town,#Surname
Wheeler,wheeler,Male,English,Wheel Maker,#Occupational|#Surname
Whistler,whistler,Male,English,Piper,#Occupational|#Surname
Whitaker,whitaker,Neutral,English,From The White/wheat Field,#Surname
Whitby,whitby,Male,English,From The White Village,#Surname
Whitcomb,whitcomb,Male,English,From The White Valley,#Surname
White,white,Neutral,English,Fair Haired Or Complected,#Surname
Whitfield,whitfield,Male,English,From The White Field,#Surname
Whitley,whitley,Neutral,English,From The White Field,#Surname
Whitney,whitney,Neutral,English,From The White Island,#Celebrity|#Place|#Surname
Whittaker,whittaker,Male,English,From The White Or Wheat Field,#Surname
Wickham,wickham,Neutral,English,Settlement,#Place|#Surname
Wilcox,wilcox,Neutral,English,Son Of William,#Surname
Wiley,wiley,Neutral,English,Willow Woods,#Surname
Wilford,wilford,Male,English,From The Ford By The Willows,#Surname
Wilhelm,wilhelm,Male,German,Will|Desire And Helmet|Protection,#Royal|#Surname
Wilkins,wilkins,Neutral,English,Family Of William,#Surname
Wilkinson,wilkinson,Male,English,Son Or Family Of William,#Surname
Williams,williams,Male,English,Son Or Servant Of William,#Surname
Willis,willis,Male,English,Descendant Or Servant Of Will,#Celebrity|#Surname
Willoughby,willoughby,Male,English,From The Farm By The Willows,#Surname
Wilson,wilson,Male,English,Son Of William,#Surname
Wilton,wilton,Male,English,From The Farm By The Spring Or By Willows,#Surname
Winchell,winchell,Male,English,From The Corner,#Surname
Winfield,winfield,Male,English,From Wina's Field,#Surname
Winka,winka,Female,Scandinavian,People Of Chile,#Surname
Winslow,winslow,Male,English,From Wina's Burial Mound,#Surname
Winston,winston,Male,English,From Wina's Town,#Politician|#Surname
Winthrop,winthrop,Male,English,From Wymund's Farm,#Surname
Wise,wise,Neutral,English,Educated Person,#Surname
Wolcott,wolcott,Male,English,From The Foreigner's Cottage,#Surname
Wolfe,wolfe,Male,English,Wolf-Like,#Surname
Wood,wood,Male,American,From The Woods,#Nature|#Surname
Woodard,woodard,Neutral,English,Caretaker Of The Woods,#Surname
Woodrow,woodrow,Male,English,From The Lane In The Woods,#Surname
Woods,woods,Male,English,Of The Woods,#Surname
Woodward,woodward,Male,English,Forester|Wood-keeper,#Surname
Wright,wright,Male,English,Carpenter|Worker,#Surname
Wrigley,wrigley,Neutral,English,Clearing By The River Bend,#Brand|#Sports|#Surname|#Water
Wyatt,wyatt,Male,English,Son Of Guy,#Surname
Wycliff,wycliff,Male,English,From The Cliff By The Bend,#Surname
Wyeth,wyeth,Neutral,English,From Land By The Willow Tree,#Surname
Wyman,wyman,Male,English,Battle Protector,#Surname
Wyndham,wyndham,Male,English,From Wymond's Homestead,#Surname
Yates,yates,Neutral,English,Dweller By A Gate,#Surname
Yoder,yoder,Neutral,Dutch,Family Of Theodore,#Surname
York,york,Male,English,From The Town Of Eburos,#Place|#Surname
Young,young,Neutral,English,Son Of,#Surname
Zajac,zajac,Neutral,Polish,Rabbit,#Surname
Zale,zale,Neutral,Polish,Unknown,#Surname
Zamora,zamora,Female,Spanish,Wild Olives,#Surname
Zane,zane,Neutral,American,Unknown,#Surname
Zappa,zappa,Neutral,Italian,Occupational Surname,#Surname
Zavala,zavala,Neutral,Spanish,Fortress,#Surname
Zhang,zhang,Neutral,Chinese,Archer,#Surname
Ziven,ziven,Neutral,Polish,Vigorous|Alive,#Surname
Zuill,zuill,Neutral,Scottish,Born At Christmas,#Surname
Zuma,zuma,Neutral,Aztec,Lord Frowns In Anger,#Place|#Surname
Zuñiga,zuniga,Neutral,Spanish,From Estuniga|Spain,#Place|#Surname
Zuzela,zuzela,Female,Polish,Village In Poland,#Surname
